image_path,dataset,mos,mos_norm,pred,clipiqa_score,r_clip,r_attr,r_phys,clipiqa_linear_pred,clipiqa_dataset
D:\uwiqa_dataset\UID\images\T\T-6\ERI_T_6_CBF.png,uid2021,4.5627,0.5131860219166986,0.53454226,0.708984375,0.6183185,0.09213584,0.28954563,0.5149630539719564,UID
D:\uwiqa_dataset\UID\images\G\G-1\ERI_G_1_VR.png,uid2021,1.8956,0.213114016336266,0.21041165,0.8623046875,0.8231063,0.040619127,0.13627459,0.5374173406265498,UID
D:\uwiqa_dataset\UID\images\B\B-1\ERI_B_1_UWCNN.png,uid2021,1.8693,0.2101550370153687,0.28968802,0.96435546875,0.6401416,0.061059706,0.29879862,0.5523630282405944,UID
D:\uwiqa_dataset\UID\images\G\G-3\ERI_G_3_HP.png,uid2021,2.799,0.3147543934654936,0.63713735,0.87255859375,0.5011881,0.16147697,0.33733493,0.5389190604346595,UID
D:\uwiqa_dataset\UID\images\G\G-10\ERI_G_10_UWB-VCSE.png,uid2021,8.2276,0.92551922774015,0.8016306,0.83740234375,0.4503169,0.20344512,0.346238,0.5337703068068547,UID
D:\uwiqa_dataset\UID\images\BG\BG-6\ERI_BG_6_IBLA.png,uid2021,1.8782,0.2111563646182579,0.20931552,0.90966796875,0.3443808,0.37733153,0.27828768,0.5443538559306758,UID
D:\uwiqa_dataset\UID\images\B\B-3\ERI_B_3_GLN-CHE.png,uid2021,5.4602,0.6141625976013142,0.67564815,0.87744140625,0.49362186,0.20560534,0.3007728,0.5396341651051879,UID
D:\uwiqa_dataset\UID\images\B\B-6\ERI_B_6_IBLA.png,uid2021,6.7698,0.7615040165612835,0.8711745,0.9501953125,0.68020254,0.02149299,0.29830447,0.5502892246960618,UID
D:\uwiqa_dataset\UID\images\T\T-5\ERI_T_5_Ucolor.png,uid2021,5.121,0.5759996399720979,0.53241485,0.77197265625,0.50475127,0.04579761,0.4494511,0.5241879042217734,UID
D:\uwiqa_dataset\UID\images\T\T-2\ERI_T_2_UWCNN.png,uid2021,1.2654,0.1422110213541549,0.10512854,0.420654296875,0.5944209,0.07718097,0.32839817,0.4727361231772515,UID
D:\uwiqa_dataset\UID\images\LL\LL-9\ERI_LL_9_VR.png,uid2021,5.4468,0.612654980761009,0.65553194,0.9326171875,0.7052708,0.047353003,0.24737626,0.5477148478821594,UID
D:\uwiqa_dataset\UID\images\G\G-3\ERI_G_3_TS.png,uid2021,3.1443,0.3536036542832069,0.3448165,0.8388671875,0.39811355,0.19897234,0.40291408,0.5339848382080132,UID
D:\uwiqa_dataset\UID\images\T\T-6\ERI_T_6_L2UWE.png,uid2021,2.7654,0.3109741004927882,0.36731705,0.640625,0.5654,0.061069172,0.37353083,0.5049515885845581,UID
D:\uwiqa_dataset\UID\images\G\G-7\ERI_G_7_Bayesian.png,uid2021,3.1716,0.3566751423235301,0.32443216,0.092041015625,0.5807123,0.19568183,0.22360584,0.42460957885068684,UID
D:\uwiqa_dataset\UID\images\H\H-7\ERI_H_7_GLN-CHE.png,uid2021,8.0386,0.904255079768682,0.8004311,0.57373046875,0.59658885,0.030286087,0.37312508,0.4951546545983184,UID
D:\uwiqa_dataset\UID\images\B\B-1\ERI_B_1_CHS.png,uid2021,7.5461,0.8488445354514975,0.70940214,0.97216796875,0.513872,0.0914905,0.3946375,0.5535071957134399,UID
D:\uwiqa_dataset\UID\images\H\H-10\ERI_H_10_L2UWE.png,uid2021,5.7543,0.6472514119844288,0.5847927,0.69580078125,0.43869048,0.040579956,0.5207296,0.5130322713615296,UID
D:\uwiqa_dataset\UID\images\BG\BG-7\ERI_BG_7_VR.png,uid2021,2.3764,0.2672082086361693,0.33818552,0.91357421875,0.8095663,0.052007634,0.13842598,0.5449259396670985,UID
D:\uwiqa_dataset\UID\images\LL\LL-2\ERI_LL_2_L2UWE.png,uid2021,7.1345,0.8025359465358566,0.7537686,0.56005859375,0.61209905,0.04082275,0.34707823,0.49315236152083874,UID
D:\uwiqa_dataset\UID\images\LL\LL-1\ERI_LL_1_HP.png,uid2021,7.0644,0.794649085304111,0.6166188,0.25830078125,0.40244505,0.115999855,0.48155504,0.44895889288218055,UID
D:\uwiqa_dataset\UID\images\T\T-2\ERI_T_2_UWB-VCSE.png,uid2021,7.4746,0.8408001620125559,0.6241773,0.420654296875,0.52975,0.09858671,0.3716633,0.4727361231772515,UID
D:\uwiqa_dataset\UID\images\B\B-3\ERI_B_3_Ucolor.png,uid2021,3.9371,0.4428005670439459,0.46356556,0.845703125,0.44716567,0.27656952,0.27626485,0.5349859847467531,UID
D:\uwiqa_dataset\UID\images\LL\LL-9\ERI_LL_9_CHS.png,uid2021,6.6613,0.749296820503589,0.8227908,0.93359375,0.6313221,0.05828216,0.3103958,0.5478578688162651,UID
D:\uwiqa_dataset\UID\images\BG\BG-7\ERI_BG_7_CBF.png,uid2021,4.4103,0.4960396930762134,0.78712475,0.93701171875,0.6223722,0.05332623,0.3243015,0.548358442085635,UID
D:\uwiqa_dataset\UID\images\T\T-8\ERI_T_8_L2UWE.png,uid2021,4.4041,0.4953421390157737,0.33565542,0.708984375,0.4968246,0.17151292,0.33166248,0.5149630539719564,UID
D:\uwiqa_dataset\UID\images\LL\LL-2\ERI_LL_2_RCP.png,uid2021,4.2293,0.4756756148601517,0.33695403,0.740234375,0.69971496,0.033272244,0.26701283,0.5195397238633386,UID
D:\uwiqa_dataset\UID\images\G\G-8\ERI_G_8_GLN-CHE.png,uid2021,6.8194,0.767084449044801,0.78230804,0.498046875,0.53087234,0.044739757,0.4243879,0.4840705322051274,UID
D:\uwiqa_dataset\UID\images\H\H-5\ERI_H_5_Bayesian.png,uid2021,4.4881,0.5047928714475373,0.6973176,0.55078125,0.5147101,0.14574638,0.3395434,0.49179366264683466,UID
D:\uwiqa_dataset\UID\images\B\B-1\ERI_B_1_Ucolor.png,uid2021,5.4479,0.6127787403523773,0.61838454,0.9453125,0.5326322,0.086021684,0.3813462,0.5495741200255334,UID
D:\uwiqa_dataset\UID\images\B\B-9\ERI_B_9_IBLA.png,uid2021,0.4277,0.0479624670911995,0.2606792,0.658203125,0.6582327,0.15354456,0.1882228,0.5075259653984605,UID
D:\uwiqa_dataset\UID\images\LL\LL-8\ERI_LL_8_HP.png,uid2021,3.2491,0.3653945680790261,0.3972322,0.390380859375,0.49308676,0.16679958,0.34011367,0.4683024742199751,UID
D:\uwiqa_dataset\UID\images\G\G-10\ERI_G_10_Ucolor.png,uid2021,5.1243,0.5763709187462028,0.7508375,0.5888671875,0.36667678,0.2084548,0.42486846,0.49737147907695656,UID
D:\uwiqa_dataset\UID\images\B\B-8\ERI_B_8_Ucolor.png,uid2021,2.2947,0.2580162462590851,0.2957286,0.640625,0.37673074,0.22489387,0.3983754,0.5049515885845581,UID
D:\uwiqa_dataset\UID\images\T\T-7\ERI_T_7_Ucolor.png,uid2021,2.4287,0.2730924146621363,0.21534581,0.5947265625,0.6678833,0.050338347,0.2817784,0.4982296046815907,UID
D:\uwiqa_dataset\UID\images\G\G-5\ERI_G_5_GLN-CHE.png,uid2021,7.5012,0.843792893949281,0.7347797,0.908203125,0.5644722,0.05533529,0.38019252,0.5441393245295172,UID
D:\uwiqa_dataset\UID\images\H\H-1\ERI_H_1_CBF.png,uid2021,7.4338,0.8362098062599851,0.78089595,0.70751953125,0.6615653,0.020539925,0.31789482,0.514748522570798,UID
D:\uwiqa_dataset\UID\images\BG\BG-4\ERI_BG_4_HP.png,uid2021,5.5174,0.6205980963524673,0.432544,0.72802734375,0.4229917,0.14062835,0.43638,0.5177519621870174,UID
D:\uwiqa_dataset\UID\images\BG\BG-7\ERI_BG_7_HP.png,uid2021,3.1773,0.3573164420242569,0.3203922,0.9541015625,0.6327675,0.12959096,0.23764159,0.5508613084324846,UID
D:\uwiqa_dataset\UID\images\LL\LL-2\ERI_LL_2_GLN-CHE.png,uid2021,5.16,0.5803874800297023,0.27943546,0.708984375,0.7391369,0.034252398,0.22661069,0.5149630539719564,UID
D:\uwiqa_dataset\UID\images\H\H-5\ERI_H_5_CHS.png,uid2021,6.9909,0.786379694426318,0.70850176,0.73583984375,0.5325215,0.13539018,0.3320883,0.5188961296598629,UID
D:\uwiqa_dataset\UID\images\B\B-8\ERI_B_8_CHS.png,uid2021,2.8982,0.3259152584325285,0.45905122,0.76611328125,0.65592694,0.14691447,0.19715856,0.5233297786171394,UID
D:\uwiqa_dataset\UID\images\H\H-10\ERI_H_10_Bayesian.png,uid2021,4.4014,0.4950383654733241,0.75377506,0.88232421875,0.6072548,0.049439028,0.34330618,0.5403492697757164,UID
D:\uwiqa_dataset\UID\images\LL\LL-3\ERI_LL_3_Ucolor.png,uid2021,3.5281,0.3967845007988119,0.37512925,0.75048828125,0.41668603,0.07882193,0.50449204,0.5210414436714482,UID
D:\uwiqa_dataset\UID\images\B\B-4\ERI_B_4_CBF.png,uid2021,5.7851,0.650716680542742,0.49762246,0.763671875,0.65435576,0.06469735,0.2809469,0.5229722262818751,UID
D:\uwiqa_dataset\UID\images\T\T-2\ERI_T_2_HP.png,uid2021,3.8853,0.4369726153776918,0.336703,0.607421875,0.48282897,0.18024911,0.33692187,0.5000888768249647,UID
D:\uwiqa_dataset\UID\images\BG\BG-3\ERI_BG_3_UWCNN.png,uid2021,4.0254,0.4527350869692401,0.6681101,0.97021484375,0.4743274,0.09753295,0.42813963,0.5532211538452285,UID
D:\uwiqa_dataset\UID\images\H\H-9\ERI_H_9_CHS.png,uid2021,6.7987,0.7647555185526879,0.7071236,0.7041015625,0.708842,0.035681754,0.2554763,0.514247949301428,UID
D:\uwiqa_dataset\UID\images\BG\BG-1\ERI_BG_1_UWCNN.png,uid2021,1.2156,0.1366080871267523,0.17630512,0.89990234375,0.42475414,0.1191835,0.45606238,0.5429236465896188,UID
D:\uwiqa_dataset\UID\images\G\G-5\ERI_G_5_IBLA.png,uid2021,2.7553,0.3098377624265881,0.27336094,0.8642578125,0.46115246,0.09391369,0.44493383,0.5377033824947611,UID
D:\uwiqa_dataset\UID\images\G\G-3\ERI_G_3_UNTV.png,uid2021,4.9909,0.561362255574807,0.5057345,0.69580078125,0.5796473,0.16872407,0.25162864,0.5130322713615296,UID
D:\uwiqa_dataset\UID\images\B\B-1\ERI_B_1_UWB-VCSE.png,uid2021,7.5922,0.8540311874170249,0.72785884,0.98291015625,0.5185743,0.07350513,0.4079206,0.5550804259886024,UID
D:\uwiqa_dataset\UID\images\T\T-5\ERI_T_5_L2UWE.png,uid2021,3.9882,0.448549762606602,0.31323197,0.80908203125,0.52567273,0.041697886,0.43262938,0.5296226997177896,UID
D:\uwiqa_dataset\UID\images\B\B-2\ERI_B_2_VR.png,uid2021,8.0778,0.9086654215701716,0.6608115,0.9423828125,0.7557052,0.03967069,0.20462419,0.5491450572232164,UID
D:\uwiqa_dataset\UID\images\B\B-1\ERI_B_1_Bayesian.png,uid2021,3.3155,0.3728651470488963,0.4843589,0.9326171875,0.56697077,0.09198802,0.34104124,0.5477148478821594,UID
D:\uwiqa_dataset\UID\images\G\G-1\ERI_G_1_UWCNN.png,uid2021,2.3888,0.2686033167570487,0.23410167,0.810546875,0.6303093,0.03574563,0.33394513,0.5298372311189482,UID
D:\uwiqa_dataset\UID\images\G\G-8\ERI_G_8_UNTV.png,uid2021,6.1835,0.6955401543619631,0.7052018,0.1519775390625,0.6180695,0.03829345,0.34363702,0.43338748868142357,UID
D:\uwiqa_dataset\UID\images\BG\BG-8\ERI_BG_8_L2UWE.png,uid2021,1.8073,0.2031794964109718,0.31478432,0.416748046875,0.31457195,0.29060242,0.3948256,0.47216403944082874,UID
D:\uwiqa_dataset\UID\images\G\G-10\ERI_G_10_CBF.png,uid2021,4.553,0.5120946873382687,0.7173245,0.82763671875,0.44536766,0.20282952,0.35180277,0.5323400974657978,UID
D:\uwiqa_dataset\UID\images\G\G-9\ERI_G_9_RCP.png,uid2021,3.1297,0.351961026979591,0.24066804,0.80810546875,0.49376878,0.2488589,0.2573724,0.529479678783684,UID
D:\uwiqa_dataset\UID\images\LL\LL-9\ERI_LL_9_TS.png,uid2021,7.4991,0.843556625638487,0.795098,0.9287109375,0.60075057,0.044835415,0.35441405,0.5471427641457367,UID
D:\uwiqa_dataset\UID\images\T\T-6\ERI_T_6_RCP.png,uid2021,2.7393,0.308037622915776,0.58704793,0.74755859375,0.49878952,0.069526054,0.43168443,0.5206123808691312,UID
D:\uwiqa_dataset\UID\images\H\H-10\ERI_H_10_Ucolor.png,uid2021,5.5982,0.6296888008820684,0.5328102,0.72021484375,0.46444264,0.04723272,0.4883246,0.5166077947141718,UID
D:\uwiqa_dataset\UID\images\G\G-6\ERI_G_6_VR.png,uid2021,4.94,0.5556355617560361,0.6427819,0.873046875,0.5184902,0.16642655,0.31508327,0.5389905709017123,UID
D:\uwiqa_dataset\UID\images\H\H-8\ERI_H_8_Ucolor.png,uid2021,6.0513,0.6806665016538782,0.48179406,0.5830078125,0.5243187,0.1139099,0.36177137,0.49651335347232245,UID
D:\uwiqa_dataset\UID\images\T\T-9\ERI_T_9_CBF.png,uid2021,7.0863,0.7971130262595351,0.75103277,0.921875,0.5666164,0.13577987,0.29760364,0.5461416176069969,UID
D:\uwiqa_dataset\UID\images\B\B-7\ERI_B_7_UTV.png,uid2021,3.0469,0.3426453050111384,0.30521736,0.86962890625,0.41784614,0.24275577,0.33939806,0.5384899976323424,UID
D:\uwiqa_dataset\UID\images\LL\LL-2\ERI_LL_2_UWCNN.png,uid2021,2.003,0.2251974528025922,0.051891107,0.64404296875,0.68494165,0.048731133,0.26632723,0.505452161853928,UID
D:\uwiqa_dataset\UID\images\BG\BG-9\ERI_BG_9_Bayesian.png,uid2021,5.6001,0.6299025674489773,0.59207433,0.7265625,0.50301176,0.28173363,0.21525462,0.5175374307858589,UID
D:\uwiqa_dataset\UID\images\H\H-10\ERI_H_10_VR.png,uid2021,2.5098,0.2822168718075651,0.449828,0.79443359375,0.751989,0.06907427,0.17893675,0.5274773857062043,UID
D:\uwiqa_dataset\UID\images\LL\LL-5\ERI_LL_5_GLN-CHE.png,uid2021,6.0267,0.6778987871560046,0.62631375,0.59619140625,0.38281748,0.22035627,0.3968263,0.4984441360827493,UID
D:\uwiqa_dataset\UID\images\T\T-10\ERI_T_10_RCP.png,uid2021,1.6241,0.1825678990121734,0.29215103,0.38671875,0.6295235,0.13858683,0.23188964,0.46776614571707875,UID
D:\uwiqa_dataset\UID\images\T\T-8\ERI_T_8_CHS.png,uid2021,6.8983,0.7759613870074931,0.652286,0.615234375,0.5566464,0.15227677,0.2910768,0.5012330442978102,UID
D:\uwiqa_dataset\UID\images\B\B-3\ERI_B_3_Bayesian.png,uid2021,2.5169,0.283015683715488,0.5065647,0.6669921875,0.52061373,0.19289967,0.28648657,0.5088131538054118,UID
D:\uwiqa_dataset\UID\images\LL\LL-4\ERI_LL_4_GLN-CHE.png,uid2021,4.5389,0.5105083143943655,0.531423,0.95068359375,0.57283425,0.10062858,0.32653716,0.5503607351631147,UID
D:\uwiqa_dataset\UID\images\H\H-4\ERI_H_4_Bayesian.png,uid2021,4.2253,0.4752255799824486,0.49016783,0.19189453125,0.56503665,0.054480776,0.38048255,0.4392334693629936,UID
D:\uwiqa_dataset\UID\images\BG\BG-2\ERI_BG_2_L2UWE.png,uid2021,5.4838,0.6168178033797619,0.6360757,0.7431640625,0.42077,0.0612648,0.51796526,0.5199687866656556,UID
D:\uwiqa_dataset\UID\images\H\H-1\ERI_H_1_UWB-VCSE.png,uid2021,8.3334,0.9374226502553948,0.9291262,0.71240234375,0.6972862,0.015920723,0.28679314,0.5154636272413263,UID
D:\uwiqa_dataset\UID\images\BG\BG-10\ERI_BG_10_TS.png,uid2021,6.9072,0.7769627146103822,0.7959278,0.93896484375,0.45862168,0.11517304,0.42620528,0.5486444839538465,UID
D:\uwiqa_dataset\UID\images\BG\BG-7\ERI_BG_7_GLN-CHE.png,uid2021,4.4807,0.5039603069237866,0.62782264,0.89990234375,0.68020684,0.06755661,0.25223652,0.5429236465896188,UID
D:\uwiqa_dataset\UID\images\LL\LL-1\ERI_LL_1_Ucolor.png,uid2021,5.5178,0.6206430998402377,0.47783405,0.401611328125,0.41100255,0.118116245,0.4708812,0.46994721496219055,UID
D:\uwiqa_dataset\UID\images\B\B-9\ERI_B_9_UWB-VCSE.png,uid2021,7.4638,0.8395850678427579,0.4675074,0.95361328125,0.5276825,0.20682831,0.26548922,0.5507897979654317,UID
D:\uwiqa_dataset\UID\images\LL\LL-9\ERI_LL_9_L2UWE.png,uid2021,5.4921,0.6177516257509957,0.67636913,0.9267578125,0.7363262,0.04278841,0.22088541,0.5468567222775254,UID
D:\uwiqa_dataset\UID\images\H\H-1\ERI_H_1_GLN-CHE.png,uid2021,7.2709,0.8178821358655296,0.72393787,0.80322265625,0.70751715,0.024865005,0.2676178,0.5287645741131555,UID
D:\uwiqa_dataset\UID\images\H\H-8\ERI_H_8_L2UWE.png,uid2021,5.1496,0.5792173893476745,0.62391925,0.315673828125,0.5020463,0.07370299,0.42425072,0.45736137276088984,UID
D:\uwiqa_dataset\UID\images\G\G-2\ERI_G_2_Ucolor.png,uid2021,2.2566,0.2537296640489638,0.3639675,0.39794921875,0.4645057,0.15788256,0.37761173,0.4694108864592942,UID
D:\uwiqa_dataset\UID\images\B\B-4\ERI_B_4_TS.png,uid2021,4.3368,0.4877703021984204,0.4037048,0.70556640625,0.6538668,0.051439237,0.2946939,0.5144624807025865,UID
D:\uwiqa_dataset\UID\images\T\T-9\ERI_T_9_IBLA.png,uid2021,1.6942,0.1904547602439189,0.7157045,0.94921875,0.61067945,0.17639278,0.21292777,0.5501462037619562,UID
D:\uwiqa_dataset\UID\images\T\T-9\ERI_T_9_UNTV.png,uid2021,5.6148,0.6315564456245358,0.2691766,0.7138671875,0.75418586,0.07289815,0.17291598,0.5156781586424849,UID
D:\uwiqa_dataset\UID\images\BG\BG-4\ERI_BG_4_VR.png,uid2021,2.7882,0.3135392992956954,0.42839316,0.67578125,0.5836699,0.13154244,0.28478768,0.510100342212363,UID
D:\uwiqa_dataset\UID\images\H\H-3\ERI_H_3_CHS.png,uid2021,6.9626,0.7831956976665692,0.8385318,0.85791015625,0.66861516,0.041248612,0.29013625,0.5367737464230742,UID
D:\uwiqa_dataset\UID\images\LL\LL-7\ERI_LL_7_CHS.png,uid2021,6.675,0.7508381899597218,0.90208745,0.98046875,0.57524735,0.042105716,0.382647,0.5547228736533383,UID
D:\uwiqa_dataset\UID\images\B\B-5\ERI_B_5_IBLA.png,uid2021,3.0084,0.3383137193132468,0.5385191,0.8017578125,0.5074709,0.24851254,0.24401653,0.528550042711997,UID
D:\uwiqa_dataset\UID\images\H\H-6\ERI_H_6_CBF.png,uid2021,4.4928,0.5053216624288382,0.64232653,0.9267578125,0.491532,0.16877833,0.33968958,0.5468567222775254,UID
D:\uwiqa_dataset\UID\images\B\B-7\ERI_B_7_UWCNN.png,uid2021,2.2152,0.2490718030647375,0.19691221,0.8662109375,0.39024046,0.2351757,0.37458387,0.5379894243629725,UID
D:\uwiqa_dataset\UID\images\B\B-8\ERI_B_8_RCP.png,uid2021,2.7931,0.3140905920208816,0.38939723,0.6279296875,0.36821195,0.31755406,0.31423402,0.5030923164411842,UID
D:\uwiqa_dataset\UID\images\T\T-9\ERI_T_9_HP.png,uid2021,5.1434,0.5785198352872347,0.710208,0.89990234375,0.63270265,0.089372195,0.27792513,0.5429236465896188,UID
D:\uwiqa_dataset\UID\images\T\T-4\ERI_T_4_UNTV.png,uid2021,3.0464,0.3425890506514255,0.49198875,0.484375,0.4410797,0.17199247,0.38692784,0.48206823912764774,UID
D:\uwiqa_dataset\UID\images\T\T-5\ERI_T_5_CBF.png,uid2021,7.1959,0.8094439819085979,0.8827268,0.90478515625,0.61335963,0.03904762,0.3475928,0.5436387512601473,UID
D:\uwiqa_dataset\UID\images\LL\LL-4\ERI_LL_4_UWB-VCSE.png,uid2021,2.0356,0.2288652370558718,0.55819863,0.8408203125,0.6173038,0.07124556,0.3114506,0.5342708800762246,UID
D:\uwiqa_dataset\UID\images\T\T-6\ERI_T_6_UWB-VCSE.png,uid2021,6.7999,0.7648905290159987,0.82828873,0.478515625,0.56072104,0.048562806,0.39071617,0.4812101135230136,UID
D:\uwiqa_dataset\UID\images\H\H-2\ERI_H_2_VR.png,uid2021,3.0097,0.3384599806485003,0.4680797,0.5888671875,0.518621,0.20994975,0.2714292,0.49737147907695656,UID
D:\uwiqa_dataset\UID\images\H\H-5\ERI_H_5_L2UWE.png,uid2021,4.3061,0.4843162845120496,0.6476752,0.72314453125,0.41068554,0.10107376,0.4882407,0.517036857516489,UID
D:\uwiqa_dataset\UID\images\H\H-2\ERI_H_2_Ucolor.png,uid2021,4.9036,0.5515402443689386,0.59508616,0.4921875,0.39799505,0.16801564,0.43398935,0.4832124066004933,UID
D:\uwiqa_dataset\UID\images\LL\LL-10\ERI_LL_10_Ucolor.png,uid2021,2.2521,0.2532233748115479,0.286575,0.38671875,0.6379532,0.09082576,0.271221,0.46776614571707875,UID
D:\uwiqa_dataset\UID\images\BG\BG-2\ERI_BG_2_CHS.png,uid2021,6.8703,0.772811142863572,0.90497524,0.84716796875,0.48690027,0.03167405,0.48142564,0.5352005161479115,UID
D:\uwiqa_dataset\UID\images\G\G-10\ERI_G_10_L2UWE.png,uid2021,1.594,0.1791813865574582,0.1853644,0.81396484375,0.27823853,0.23438932,0.48737213,0.5303378043883181,UID
D:\uwiqa_dataset\UID\images\H\H-4\ERI_H_4_Ucolor.png,uid2021,3.5899,0.4037375396593236,0.35833627,0.1470947265625,0.374889,0.052018266,0.57309276,0.43267238401089514,UID
D:\uwiqa_dataset\UID\images\T\T-4\ERI_T_4_VR.png,uid2021,2.6658,0.299768232037983,0.40018559,0.24072265625,0.45715293,0.22391406,0.31893304,0.4463845160682781,UID
D:\uwiqa_dataset\UID\images\B\B-2\ERI_B_2_UWCNN.png,uid2021,1.467,0.1648927791903872,0.510078,0.9755859375,0.61140096,0.024142137,0.36445686,0.5540077689828098,UID
D:\uwiqa_dataset\UID\images\G\G-6\ERI_G_6_TS.png,uid2021,4.5089,0.5071330528115928,0.4285402,0.873046875,0.3297169,0.2090717,0.46121135,0.5389905709017123,UID
D:\uwiqa_dataset\UID\images\H\H-1\ERI_H_1_TS.png,uid2021,4.3564,0.4899754730991651,0.76312035,0.81982421875,0.5463752,0.031176936,0.42244783,0.5311959299929523,UID
D:\uwiqa_dataset\UID\images\H\H-7\ERI_H_7_UWB-VCSE.png,uid2021,6.7483,0.7590850790936298,0.7021524,0.6279296875,0.6877545,0.01789885,0.29434663,0.5030923164411842,UID
D:\uwiqa_dataset\UID\images\LL\LL-4\ERI_LL_4_UTV.png,uid2021,1.5557,0.1748723026034517,0.22367403,0.990234375,0.445599,0.21723793,0.33716312,0.5561530829943951,UID
D:\uwiqa_dataset\UID\images\B\B-2\ERI_B_2_CHS.png,uid2021,8.8619,0.9968835084719068,0.8128481,0.9794921875,0.6963474,0.047973197,0.2556794,0.5545798527192325,UID
D:\uwiqa_dataset\UID\images\BG\BG-3\ERI_BG_3_TS.png,uid2021,6.9104,0.7773227425125447,1.0055549,0.97802734375,0.5591403,0.103697166,0.33716255,0.554365321318074,UID
D:\uwiqa_dataset\UID\images\BG\BG-3\ERI_BG_3_RCP.png,uid2021,5.1186,0.575729619045476,0.82566375,0.9755859375,0.47570735,0.09646548,0.42782712,0.5540077689828098,UID
D:\uwiqa_dataset\UID\images\BG\BG-2\ERI_BG_2_UNTV.png,uid2021,7.3964,0.8320019801534619,0.81504565,0.26123046875,0.6253522,0.04355363,0.3310942,0.44938795568449763,UID
D:\uwiqa_dataset\UID\images\BG\BG-2\ERI_BG_2_UWCNN.png,uid2021,2.7775,0.3123354559978398,0.41091064,0.716796875,0.38996518,0.082981005,0.52705383,0.5161072214448019,UID
D:\uwiqa_dataset\UID\images\BG\BG-8\ERI_BG_8_UNTV.png,uid2021,3.1879,0.3585090344501699,0.46955475,0.322509765625,0.42984393,0.2806815,0.28947455,0.4583625192996297,UID
D:\uwiqa_dataset\UID\images\BG\BG-4\ERI_BG_4_TS.png,uid2021,5.4383,0.6116986566458901,0.40857187,0.73583984375,0.4874793,0.08685265,0.42566803,0.5188961296598629,UID
D:\uwiqa_dataset\UID\images\B\B-1\ERI_B_1_TS.png,uid2021,7.306,0.8218311919173736,0.6385595,0.9833984375,0.5170433,0.0796203,0.40333638,0.5551519364556553,UID
D:\uwiqa_dataset\UID\images\H\H-9\ERI_H_9_UWCNN.png,uid2021,0.0044,0.0003375261582772,0.01954877,0.69287109375,0.66225976,0.04486847,0.2928718,0.5126032085592126,UID
D:\uwiqa_dataset\UID\images\B\B-1\ERI_B_1_UNTV.png,uid2021,5.4945,0.6180216466776176,0.54237413,0.86328125,0.6854212,0.083955675,0.23062314,0.5375603615606555,UID
D:\uwiqa_dataset\UID\images\G\G-9\ERI_G_9_Bayesian.png,uid2021,2.7176,0.3055961837042371,0.33926624,0.7294921875,0.51909125,0.27417794,0.2067308,0.5179664935881759,UID
D:\uwiqa_dataset\UID\images\G\G-6\ERI_G_6_RCP.png,uid2021,1.6562,0.1861794289057401,0.31349108,0.9541015625,0.4593684,0.17197496,0.36865658,0.5508613084324846,UID
D:\uwiqa_dataset\UID\images\T\T-7\ERI_T_7_Bayesian.png,uid2021,5.7904,0.6513129767556985,0.5474425,0.52734375,0.5976352,0.0754796,0.32688522,0.4883611602282981,UID
D:\uwiqa_dataset\UID\images\LL\LL-3\ERI_LL_3_L2UWE.png,uid2021,3.9571,0.4450507414324611,0.46983066,0.73876953125,0.43252602,0.07751977,0.4899542,0.51932519246218,UID
D:\uwiqa_dataset\UID\images\T\T-5\ERI_T_5_GLN-CHE.png,uid2021,7.8892,0.8874462770864742,0.8629499,0.90869140625,0.68034595,0.030050408,0.2896036,0.54421083499657,UID
D:\uwiqa_dataset\UID\images\LL\LL-7\ERI_LL_7_UNTV.png,uid2021,3.5467,0.398877162980131,0.38271922,0.69775390625,0.7437175,0.07968319,0.17659937,0.513318313229741,UID
D:\uwiqa_dataset\UID\images\B\B-3\ERI_B_3_CHS.png,uid2021,6.9578,0.7826556558133255,0.6089223,0.67919921875,0.53055423,0.2256905,0.24375528,0.5106009154817329,UID
D:\uwiqa_dataset\UID\images\B\B-7\ERI_B_7_TS.png,uid2021,2.6703,0.3002745212753989,0.21876691,0.88330078125,0.45472506,0.24095632,0.3043186,0.5404922907098221,UID
D:\uwiqa_dataset\UID\images\B\B-1\ERI_B_1_RCP.png,uid2021,4.4412,0.4995162125064692,0.6352362,0.978515625,0.4895655,0.10826128,0.40217322,0.5544368317851269,UID
D:\uwiqa_dataset\UID\images\T\T-4\ERI_T_4_GLN-CHE.png,uid2021,3.1223,0.3511284624558404,0.5702187,0.276611328125,0.35027656,0.18015945,0.46956402,0.45164053539666227,UID
D:\uwiqa_dataset\UID\images\B\B-5\ERI_B_5_Ucolor.png,uid2021,3.2816,0.3690511014603632,0.4715387,0.8427734375,0.49872112,0.24366906,0.2576098,0.5345569219444359,UID
D:\uwiqa_dataset\UID\images\G\G-8\ERI_G_8_HP.png,uid2021,4.5198,0.5083593978533336,0.59981906,0.3310546875,0.5342686,0.03839146,0.42734,0.4596139524730545,UID
D:\uwiqa_dataset\UID\images\G\G-1\ERI_G_1_CBF.png,uid2021,6.6972,0.7533358835309736,0.9355715,0.845703125,0.4780259,0.02453249,0.4974416,0.5349859847467531,UID
D:\uwiqa_dataset\UID\images\BG\BG-10\ERI_BG_10_Bayesian.png,uid2021,5.5006,0.6187079498661147,0.7533445,0.89013671875,0.4879433,0.14102003,0.37103668,0.5414934372485619,UID
D:\uwiqa_dataset\UID\images\T\T-4\ERI_T_4_Bayesian.png,uid2021,2.7657,0.3110078531086159,0.46052,0.2493896484375,0.4004228,0.20536576,0.3942114,0.4476538268584661,UID
D:\uwiqa_dataset\UID\images\G\G-2\ERI_G_2_TS.png,uid2021,2.7329,0.3073175671114511,0.14111069,0.37939453125,0.4283334,0.20678715,0.3648795,0.46669348871128613,UID
D:\uwiqa_dataset\UID\images\B\B-5\ERI_B_5_Bayesian.png,uid2021,5.6597,0.6366080871267523,0.7152956,0.9423828125,0.62587804,0.14084928,0.23327269,0.5491450572232164,UID
D:\uwiqa_dataset\UID\images\G\G-4\ERI_G_4_GLN-CHE.png,uid2021,7.5173,0.8456042843320357,0.8885958,0.865234375,0.29673803,0.08517655,0.6180855,0.5378464034288668,UID
D:\uwiqa_dataset\UID\images\H\H-7\ERI_H_7_Bayesian.png,uid2021,3.2925,0.370277446502104,0.28240824,0.79931640625,0.81862015,0.047969263,0.1334106,0.5281924903767328,UID
D:\uwiqa_dataset\UID\images\B\B-10\ERI_B_10_UWB-VCSE.png,uid2021,7.8681,0.8850723431065908,0.9627734,0.94189453125,0.5597858,0.046895035,0.39331922,0.5490735467561635,UID
D:\uwiqa_dataset\UID\images\B\B-3\ERI_B_3_UTV.png,uid2021,3.8166,0.4292432663531424,0.39998642,0.69775390625,0.43431062,0.307942,0.2577474,0.513318313229741,UID
D:\uwiqa_dataset\UID\images\H\H-1\ERI_H_1_L2UWE.png,uid2021,4.5962,0.5169550640174613,0.39299166,0.443603515625,0.63383245,0.075921744,0.29024574,0.4760971151287352,UID
D:\uwiqa_dataset\UID\images\T\T-1\ERI_T_1_VR.png,uid2021,5.4993,0.6185616885308611,0.76224864,0.85888671875,0.62732565,0.05662751,0.31604683,0.5369167673571799,UID
D:\uwiqa_dataset\UID\images\H\H-9\ERI_H_9_Bayesian.png,uid2021,3.9487,0.4441056681892847,0.38583913,0.68408203125,0.6858008,0.08736358,0.22683565,0.5113160201522613,UID
D:\uwiqa_dataset\UID\images\LL\LL-10\ERI_LL_10_CBF.png,uid2021,2.108,0.2370108683422965,0.2237225,0.470703125,0.600601,0.08754025,0.31185874,0.4800659460501681,UID
D:\uwiqa_dataset\UID\images\LL\LL-7\ERI_LL_7_GLN-CHE.png,uid2021,8.5783,0.9649760356427624,0.90419513,0.9814453125,0.6828305,0.021045616,0.29612386,0.554865894587444,UID
D:\uwiqa_dataset\UID\images\T\T-1\ERI_T_1_RCP.png,uid2021,3.5263,0.3965819851038455,0.57192403,0.89013671875,0.5705328,0.02268833,0.40677893,0.5414934372485619,UID
D:\uwiqa_dataset\UID\images\B\B-10\ERI_B_10_TS.png,uid2021,6.2952,0.70810737832182,0.47659245,0.94091796875,0.613231,0.08934582,0.29742315,0.5489305258220578,UID
D:\uwiqa_dataset\UID\images\T\T-1\ERI_T_1_L2UWE.png,uid2021,7.0922,0.7977768277041472,0.71763194,0.78125,0.45699626,0.023523709,0.51948,0.5255466030957775,UID
D:\uwiqa_dataset\UID\images\LL\LL-6\ERI_LL_6_L2UWE.png,uid2021,7.2161,0.8117166580409982,0.46027333,0.24365234375,0.66905606,0.099020846,0.23192306,0.4468135788705952,UID
D:\uwiqa_dataset\UID\images\LL\LL-10\ERI_LL_10_L2UWE.png,uid2021,3.7983,0.427184356787651,0.18129767,0.43017578125,0.5862679,0.086500555,0.3272316,0.474130577284782,UID
D:\uwiqa_dataset\UID\images\T\T-1\ERI_T_1_GLN-CHE.png,uid2021,8.1399,0.9156522130465112,0.948955,0.93212890625,0.5821344,0.0288192,0.38904634,0.5476433374151066,UID
D:\uwiqa_dataset\UID\images\BG\BG-5\ERI_BG_5_Ucolor.png,uid2021,4.5003,0.5061654778245315,0.43235192,0.85791015625,0.38460392,0.2064277,0.40896842,0.5367737464230742,UID
D:\uwiqa_dataset\UID\images\G\G-3\ERI_G_3_IBLA.png,uid2021,3.7796,0.4250804437343894,0.3403873,0.810546875,0.3497827,0.25473696,0.39548033,0.5298372311189482,UID
D:\uwiqa_dataset\UID\images\G\G-8\ERI_G_8_UWB-VCSE.png,uid2021,7.3149,0.8228325195202628,0.8503357,0.23095703125,0.5382247,0.045821555,0.4159538,0.44495430672722125,UID
D:\uwiqa_dataset\UID\images\T\T-5\ERI_T_5_Bayesian.png,uid2021,4.8729,0.5480862266825679,0.6995372,0.76904296875,0.6012714,0.052756473,0.3459722,0.5237588414194564,UID
D:\uwiqa_dataset\UID\images\LL\LL-4\ERI_LL_4_CHS.png,uid2021,2.0746,0.2332530771134763,0.37375823,0.73388671875,0.58156526,0.20273523,0.2156995,0.5186100877916515,UID
D:\uwiqa_dataset\UID\images\H\H-7\ERI_H_7_UWCNN.png,uid2021,1.1682,0.1312751738259715,0.12729286,0.441650390625,0.58639294,0.0754603,0.33814678,0.47581107326052385,UID
D:\uwiqa_dataset\UID\images\B\B-9\ERI_B_9_L2UWE.png,uid2021,7.069,0.7951666254134696,0.36648604,0.81982421875,0.4182436,0.33223155,0.24952485,0.5311959299929523,UID
D:\uwiqa_dataset\UID\images\B\B-7\ERI_B_7_IBLA.png,uid2021,1.7553,0.1973290430008325,0.19353478,0.880859375,0.40571627,0.2486916,0.34559214,0.5401347383745578,UID
D:\uwiqa_dataset\UID\images\B\B-1\ERI_B_1_UTV.png,uid2021,6.8863,0.774611282374384,0.633236,0.98876953125,0.6138511,0.07002254,0.3161264,0.5559385515932366,UID
D:\uwiqa_dataset\UID\images\BG\BG-10\ERI_BG_10_VR.png,uid2021,3.0384,0.3416889808960195,0.67813927,0.8984375,0.55287945,0.14687271,0.30024785,0.5427091151884603,UID
D:\uwiqa_dataset\UID\images\G\G-4\ERI_G_4_L2UWE.png,uid2021,4.2745,0.4807610089781958,0.3728057,0.81884765625,0.25966683,0.121288136,0.619045,0.5310529090588465,UID
D:\uwiqa_dataset\UID\images\T\T-5\ERI_T_5_UWCNN.png,uid2021,0.9699,0.1089646947638442,0.06648846,0.78662109375,0.62762785,0.036191467,0.3361806,0.5263332182333588,UID
D:\uwiqa_dataset\UID\images\H\H-5\ERI_H_5_IBLA.png,uid2021,2.7756,0.3121216894309309,0.5149417,0.71533203125,0.4403141,0.110325545,0.44936037,0.5158926900436435,UID
D:\uwiqa_dataset\UID\images\T\T-8\ERI_T_8_VR.png,uid2021,1.4477,0.1627213609054701,0.39329126,0.70751953125,0.5470336,0.19189574,0.26107067,0.514748522570798,UID
D:\uwiqa_dataset\UID\images\T\T-6\ERI_T_6_CHS.png,uid2021,3.8534,0.4333835872280102,0.53755254,0.69287109375,0.6566348,0.103879556,0.23948567,0.5126032085592126,UID
D:\uwiqa_dataset\UID\images\H\H-4\ERI_H_4_HP.png,uid2021,5.4597,0.6141063432416012,0.49935588,0.22265625,0.5098697,0.056729823,0.43340045,0.44373862878732284,UID
D:\uwiqa_dataset\UID\images\BG\BG-3\ERI_BG_3_Bayesian.png,uid2021,6.4057,0.720539591818366,0.9660775,0.99169921875,0.5754486,0.11023029,0.3143212,0.5563676143955537,UID
D:\uwiqa_dataset\UID\images\H\H-7\ERI_H_7_CBF.png,uid2021,7.4263,0.8353659908642921,0.87118095,0.6533203125,0.5779576,0.03196659,0.39007586,0.5068108607279321,UID
D:\uwiqa_dataset\UID\images\LL\LL-4\ERI_LL_4_UWCNN.png,uid2021,1.7129,0.1925586732971805,0.12207107,0.92822265625,0.5694714,0.11371526,0.31681332,0.5470712536786838,UID
D:\uwiqa_dataset\UID\images\LL\LL-8\ERI_LL_8_UWCNN.png,uid2021,1.1909,0.1338291217569361,0.05424099,0.332763671875,0.5869833,0.10096323,0.3120534,0.45986423910773944,UID
D:\uwiqa_dataset\UID\images\G\G-7\ERI_G_7_CHS.png,uid2021,2.4541,0.2759501361355505,0.4436134,0.0869140625,0.5309439,0.23877572,0.23028047,0.42385871894663196,UID
D:\uwiqa_dataset\UID\images\LL\LL-5\ERI_LL_5_Bayesian.png,uid2021,1.1724,0.1317477104475597,0.3659019,0.447509765625,0.53848016,0.22799727,0.23352261,0.47666919886515796,UID
D:\uwiqa_dataset\UID\images\H\H-3\ERI_H_3_UNTV.png,uid2021,6.1692,0.6939312796741748,0.8512002,0.6806640625,0.7770181,0.025281103,0.19770086,0.5108154468828914,UID
D:\uwiqa_dataset\UID\images\BG\BG-10\ERI_BG_10_HP.png,uid2021,6.8859,0.7745662788866138,0.87545997,0.94384765625,0.4508518,0.14653404,0.40261415,0.5493595886243748,UID
D:\uwiqa_dataset\UID\images\G\G-8\ERI_G_8_CHS.png,uid2021,6.7052,0.7542359532863797,0.76284605,0.10089111328125,0.608949,0.073620364,0.31743065,0.4259057060660197,UID
