image_path,dataset,mos,mos_norm,split,pred,r_clip,r_attr,r_phys,gate_attr_artifact,gate_attr_color,gate_attr_illumination,gate_attr_naturalness,gate_attr_sharpness,gate_attr_turbidity,gate_attr_visibility
D:\uwiqa_dataset\UIED\ref\6.bmp,uied_fold09,24.324741,0.06487095771313715,test,0.13929181,0.5276946,0.021399224,0.4509062,0.5288782,0.44210717,0.47472742,0.47962123,0.5659634,0.45075625,0.5012917
D:\uwiqa_dataset\UIED\ref\11.bmp,uied_fold09,67.212532,0.6880774629349946,test,0.6212122,0.595075,0.11793162,0.28699338,0.32968846,0.7052829,0.45196608,0.5783024,0.5203624,0.6234844,0.49649742
D:\uwiqa_dataset\UIED\ref\13.bmp,uied_fold09,60.519478,0.5908200688061813,test,0.6135205,0.7850555,0.043750763,0.17119367,0.5769925,0.31946766,0.57719684,0.5894721,0.64670587,0.4401034,0.524654
D:\uwiqa_dataset\UIED\ref\14.bmp,uied_fold09,66.135676,0.6724295676076931,test,0.78441346,0.78702366,0.018745158,0.1942312,0.57108563,0.406217,0.4789651,0.4424572,0.6150407,0.4414079,0.49790016
D:\uwiqa_dataset\UIED\ref\26.bmp,uied_fold09,22.128858,0.03296237631042309,test,0.28831118,0.51729697,0.122191295,0.36051175,0.5228168,0.4108944,0.51998484,0.5676012,0.5598059,0.45939183,0.50860393
D:\uwiqa_dataset\UIED\ref\32.bmp,uied_fold09,68.953641,0.7133776807778844,test,0.66125166,0.53217727,0.1670267,0.30079606,0.41516936,0.54242826,0.49210945,0.5473819,0.4797848,0.53030103,0.53477937
D:\uwiqa_dataset\UIED\ref\45.bmp,uied_fold09,59.336574,0.5736311800650252,test,0.6391221,0.6568239,0.098945916,0.24423017,0.3688761,0.7222926,0.4713132,0.59962404,0.52809316,0.6494411,0.50105286
D:\uwiqa_dataset\UIED\ref\49.bmp,uied_fold09,47.313546,0.3989234348686233,test,0.47122675,0.57570976,0.05088379,0.3734065,0.55639446,0.43928304,0.4245144,0.4288165,0.6044717,0.43911862,0.48057833
D:\uwiqa_dataset\UIED\ref\51.bmp,uied_fold09,71.743088,0.7539113962208549,test,0.7371433,0.71624935,0.03900783,0.24474278,0.54697526,0.4064643,0.47896793,0.47321343,0.5793464,0.44195685,0.5067017
D:\uwiqa_dataset\UIED\ref\52.bmp,uied_fold09,49.655954,0.43296118476074813,test,0.6561763,0.5522582,0.14167863,0.30606318,0.44166216,0.50638306,0.4715818,0.5553298,0.517978,0.49498856,0.51104087
D:\uwiqa_dataset\UIED\ref\69.bmp,uied_fold09,64.530241,0.649100841357585,test,0.67247844,0.7087436,0.043664455,0.24759194,0.4712207,0.4904957,0.48145172,0.53049856,0.5376476,0.472849,0.5037963
D:\uwiqa_dataset\UIED\ref\75.bmp,uied_fold09,64.187879,0.644125947091271,test,0.5159223,0.8203219,0.014155183,0.16552284,0.50812304,0.4542647,0.41741148,0.61482525,0.5915118,0.42814547,0.49789414
D:\uwiqa_dataset\UIED\ref\82.bmp,uied_fold09,85.237436,0.9499990300495025,test,0.7322483,0.6904712,0.082694784,0.22683401,0.50611967,0.44625393,0.4981619,0.5090914,0.5360531,0.44456872,0.5034034
D:\uwiqa_dataset\UIED\ref\92.bmp,uied_fold09,50.266122,0.44182759307910174,test,0.6816814,0.78802335,0.03548277,0.17649381,0.51647496,0.4303553,0.4802926,0.5222086,0.5452978,0.4397901,0.49747154
D:\uwiqa_dataset\UIED\ref\97.bmp,uied_fold09,67.493728,0.6921635483303085,test,0.64084685,0.3832159,0.07965092,0.53713316,0.47060752,0.503285,0.45124245,0.60366976,0.5691318,0.48117796,0.49635577
D:\uwiqa_dataset\UIED\ref\98.bmp,uied_fold09,86.417369,0.9671447469115795,test,0.7540519,0.6284398,0.17062429,0.20093584,0.5035512,0.46698487,0.46022776,0.5876822,0.5665507,0.48385802,0.49864304
D:\uwiqa_dataset\UIED\ref\101.bmp,uied_fold09,52.027279,0.4674191302864391,test,0.45610285,0.7065876,0.09007317,0.20333917,0.5255952,0.41376823,0.44778123,0.6289842,0.6554594,0.44312042,0.51312876
D:\uwiqa_dataset\UIED\ref\105.bmp,uied_fold09,50.546351,0.4458996269069064,test,0.43418142,0.6582081,0.06859431,0.27319756,0.5318192,0.3927186,0.5159591,0.5553657,0.5597064,0.44260558,0.5032741
D:\uwiqa_dataset\UIED\ref\107.bmp,uied_fold09,76.861201,0.8282831752677299,test,0.52919114,0.5921588,0.08573143,0.3221098,0.4436197,0.49780172,0.4853331,0.47449186,0.5173192,0.45925382,0.5748962
D:\uwiqa_dataset\UIED\ref\108.bmp,uied_fold09,75.626311,0.8103388730948011,test,0.7428572,0.7604163,0.06131845,0.17826515,0.5697988,0.3326169,0.5538571,0.556499,0.5874196,0.4321598,0.53849024
D:\uwiqa_dataset\UIED\ref\111.bmp,uied_fold09,26.309642,0.09371373992641016,test,0.8154155,0.7345556,0.037469674,0.22797476,0.56038374,0.41630346,0.44155076,0.46468958,0.5941564,0.43277222,0.49600047
D:\uwiqa_dataset\UIED\ref\113.bmp,uied_fold09,66.210949,0.6735233666160767,test,0.4654805,0.38984624,0.16262023,0.4475335,0.42053849,0.5735557,0.4553982,0.53665614,0.5199729,0.55056226,0.5078749
D:\uwiqa_dataset\UIED\ref\118.bmp,uied_fold09,39.103417,0.2796212819199992,test,0.66052604,0.70183235,0.030669352,0.2674982,0.5693182,0.40572336,0.45679614,0.45465592,0.60584414,0.43182427,0.500329
D:\uwiqa_dataset\UIED\ref\146.bmp,uied_fold09,51.514772,0.45997184309993566,test,0.50451815,0.6001269,0.084373124,0.3155,0.50221443,0.454709,0.5175825,0.51095456,0.5663443,0.48583052,0.49304092
D:\uwiqa_dataset\UIED\ref\149.bmp,uied_fold09,59.010034,0.568886196761615,test,0.3907426,0.5501898,0.055631462,0.39417872,0.26753956,0.85780954,0.5155947,0.50755984,0.5863159,0.7492027,0.4572917
D:\uwiqa_dataset\UIED\ref\151.bmp,uied_fold09,30.90696,0.16051779808304362,test,0.28083217,0.50361747,0.04652929,0.44985324,0.50084364,0.4503137,0.48456,0.5282884,0.5240163,0.48444936,0.48964494
D:\uwiqa_dataset\UIED\ref\152.bmp,uied_fold09,45.859741,0.37779805834074237,test,0.44337887,0.5443363,0.09995215,0.35571155,0.44017085,0.50429165,0.5083243,0.4563685,0.51465726,0.47073674,0.5574612
D:\uwiqa_dataset\UIED\ref\156.bmp,uied_fold09,71.790935,0.7546066654562267,test,0.8305715,0.68908006,0.08429195,0.226628,0.51713204,0.44590375,0.46637148,0.602248,0.5840012,0.46599814,0.4987837
D:\uwiqa_dataset\UIED\ref\163.bmp,uied_fold09,72.954837,0.7715194343568382,test,0.5779641,0.72838503,0.0518569,0.21975806,0.5045467,0.45314032,0.51920784,0.49420127,0.5728858,0.47260797,0.50521857
D:\uwiqa_dataset\UIED\ref\165.bmp,uied_fold09,64.332886,0.6462330573806004,test,0.323151,0.28072366,0.05524254,0.6640338,0.49317437,0.47285914,0.5011023,0.47152358,0.575044,0.46774447,0.5192387
D:\uwiqa_dataset\UIED\ref\169.bmp,uied_fold09,47.444251,0.40082272145731757,test,0.14271991,0.49363318,0.03531045,0.47105637,0.51770157,0.4218458,0.53149074,0.51064944,0.5594867,0.4731152,0.5031599
D:\uwiqa_dataset\UIED\ref\173.bmp,uied_fold09,65.853218,0.668325143972259,test,0.47779962,0.40340734,0.29508853,0.3015041,0.39456388,0.58686864,0.46541664,0.534456,0.50335497,0.55444753,0.52074814
D:\uwiqa_dataset\UIED\ref\180.bmp,uied_fold09,32.760165,0.18744689339386697,test,0.14487837,0.6904138,0.03798654,0.27159965,0.42075536,0.55699587,0.3994993,0.63176143,0.6538797,0.4495966,0.5067369
D:\uwiqa_dataset\UIED\ref\185.bmp,uied_fold09,61.454971,0.6044138051492238,test,0.3656946,0.6704311,0.044064343,0.28550467,0.519486,0.42865935,0.5180784,0.50862527,0.54979146,0.48129174,0.49154773
D:\uwiqa_dataset\UIED\ref\192.bmp,uied_fold09,79.1713,0.861851440056805,test,0.5097884,0.49224073,0.21190394,0.2958553,0.22325817,0.77257425,0.45842695,0.5775913,0.52267015,0.6848385,0.5516127
D:\uwiqa_dataset\UIED\ref\199.bmp,uied_fold09,51.642988,0.46183496179666517,test,0.5528439,0.56821305,0.16934404,0.2624429,0.4350329,0.5606459,0.46281055,0.52803415,0.50163126,0.52747273,0.50410396
D:\uwiqa_dataset\UIED\ref\201.bmp,uied_fold09,30.362694,0.1526090178949691,test,0.48167276,0.76248354,0.053040534,0.1844759,0.5584347,0.3581172,0.59008527,0.55902594,0.61419064,0.45647866,0.5110588
D:\uwiqa_dataset\UIED\ref\205.bmp,uied_fold09,51.60323,0.4612572345774057,test,0.6443018,0.5910563,0.0874697,0.32147402,0.42927873,0.59640366,0.47439945,0.4707072,0.54105395,0.5419373,0.538298
D:\uwiqa_dataset\UIED\ref\210.bmp,uied_fold09,54.437739,0.5024457501600782,test,0.4945169,0.5231197,0.15626195,0.3206184,0.50894624,0.458159,0.4552768,0.5531457,0.553001,0.4562436,0.49846977
D:\uwiqa_dataset\UIED\ref\218.bmp,uied_fold09,56.734268,0.5358168280090316,test,0.7025857,0.73150843,0.06837463,0.20011698,0.50745016,0.42601857,0.4862733,0.5491901,0.53214645,0.44448242,0.49327263
D:\uwiqa_dataset\UIED\ref\219.bmp,uied_fold09,52.186322,0.46973019900550644,test,0.6531584,0.6461824,0.07676358,0.277054,0.45852467,0.5108059,0.48714474,0.53617984,0.5676963,0.49842486,0.50027806
D:\uwiqa_dataset\UIED\ref\225.bmp,uied_fold09,79.674177,0.8691587928119621,test,0.5886378,0.77271783,0.055430703,0.17185143,0.57310194,0.35203108,0.553511,0.58868605,0.61713666,0.47533572,0.5044046
D:\uwiqa_dataset\UIED\ref\227.bmp,uied_fold09,71.385767,0.7487191313254123,test,0.794165,0.76324195,0.050924953,0.18583314,0.5343932,0.44049394,0.4513944,0.56199557,0.5773096,0.46060428,0.47630265
D:\uwiqa_dataset\UIED\ref\231.bmp,uied_fold09,57.664642,0.5493361796839473,test,0.5734757,0.5007503,0.15248385,0.34676588,0.5040036,0.4235513,0.5182156,0.5483941,0.52765805,0.4527109,0.5131584
D:\uwiqa_dataset\UIED\ref\236.bmp,uied_fold09,43.798585,0.3478472075851728,test,0.61353076,0.72682214,0.05966873,0.21350917,0.49556634,0.4715121,0.46662378,0.57268685,0.58149534,0.48506278,0.49443984
D:\uwiqa_dataset\UIED\ref\237.bmp,uied_fold09,60.917874,0.5966091983711516,test,0.64791226,0.63069665,0.0668542,0.30244917,0.4168836,0.6225844,0.4602333,0.5089717,0.5763725,0.5356932,0.47996074
D:\uwiqa_dataset\UIED\ref\239.bmp,uied_fold09,52.140427,0.4690632944648377,test,0.5656376,0.60996664,0.11167418,0.27835912,0.38184407,0.69705933,0.46796292,0.578479,0.53950316,0.6318122,0.46085125
D:\uwiqa_dataset\UIED\ref\242.bmp,uied_fold09,60.884405,0.5961228571995284,test,0.76469743,0.7397787,0.052871365,0.20734993,0.43886077,0.5838448,0.4531429,0.50449383,0.55679214,0.5356812,0.49664453
D:\uwiqa_dataset\UIED\ref\245.bmp,uied_fold09,56.656951,0.5346933274453343,test,0.57722604,0.64987266,0.084874935,0.2652524,0.43126863,0.5430591,0.4070303,0.609544,0.62490475,0.4968855,0.5051314
D:\uwiqa_dataset\UIED\ref\246.bmp,uied_fold09,70.575646,0.7369471872489074,test,0.62074435,0.5476442,0.06110575,0.39125004,0.4643413,0.50359136,0.45848286,0.5248923,0.57645077,0.46371788,0.5063999
D:\uwiqa_dataset\UIED\ref\254.bmp,uied_fold09,59.320178,0.5733929282543965,test,0.5061122,0.47560853,0.12340406,0.40098736,0.32559785,0.75673056,0.47255525,0.50938207,0.5347146,0.6828344,0.5257922
D:\uwiqa_dataset\UIED\ref\261.bmp,uied_fold09,58.560995,0.5623611690235737,test,0.73699427,0.69218034,0.048265774,0.2595539,0.443625,0.5585845,0.4522583,0.52582824,0.5730554,0.49956325,0.49164718
D:\uwiqa_dataset\UIED\ref\262.bmp,uied_fold09,52.378225,0.47251875946019606,test,0.76995265,0.68236,0.046904933,0.27073506,0.4753019,0.4841127,0.457441,0.543197,0.5791005,0.4575085,0.49614057
D:\uwiqa_dataset\UIED\ref\264.bmp,uied_fold09,59.824472,0.5807208715691816,test,0.65607035,0.63288575,0.11530545,0.25180885,0.3943352,0.6580488,0.43477285,0.5344168,0.5384945,0.5955084,0.49328038
D:\uwiqa_dataset\UIED\ref\265.bmp,uied_fold09,55.847711,0.5229341852622887,test,0.6788452,0.5445931,0.20983005,0.24557681,0.45929378,0.5443021,0.48862782,0.58143115,0.51492655,0.5206782,0.49047467
D:\uwiqa_dataset\UIED\ref\274.bmp,uied_fold09,68.84947,0.7118639622267128,test,0.9146158,0.8569875,0.029083172,0.11392936,0.49333933,0.47469366,0.4403253,0.5647382,0.57880425,0.46576735,0.49427292
D:\uwiqa_dataset\UIED\ref\275.bmp,uied_fold09,80.555989,0.8819724855195836,test,0.70681936,0.8719081,0.025766905,0.102324985,0.52348346,0.4257444,0.46816853,0.54428685,0.5673455,0.44956088,0.47015837
D:\uwiqa_dataset\UIED\ref\276.bmp,uied_fold09,70.382946,0.7341470455126203,test,0.8438513,0.7560119,0.031955335,0.21203277,0.47679785,0.49593595,0.45397884,0.535776,0.57113343,0.47251287,0.48679277
D:\uwiqa_dataset\UIED\ref\277.bmp,uied_fold09,66.238998,0.6739309492604,test,0.655794,0.61943156,0.11550939,0.265059,0.45608357,0.53943557,0.47195524,0.5355679,0.5260022,0.5109984,0.47195345
D:\uwiqa_dataset\UIED\ref\284.bmp,uied_fold09,49.083256,0.4246392565195023,test,0.420731,0.58942324,0.08735996,0.32321674,0.36143607,0.76080984,0.4212907,0.40466544,0.6212743,0.58505595,0.5304511
D:\uwiqa_dataset\UIED\ref\285.bmp,uied_fold09,62.296083,0.6166360823474168,test,0.49541205,0.6093885,0.104075655,0.28653586,0.46969867,0.52774143,0.482844,0.47452664,0.5690625,0.5024049,0.5246455
D:\uwiqa_dataset\UIED\ref\288.bmp,uied_fold09,69.794229,0.7255923436830322,test,0.58870375,0.61693954,0.122474745,0.2605857,0.49673334,0.4418879,0.5409211,0.5163764,0.54166377,0.4503698,0.55184865
D:\uwiqa_dataset\UIED\ref\289.bmp,uied_fold09,51.585521,0.46099990344088304,test,0.49630332,0.42892146,0.111753665,0.45932487,0.2979918,0.7679088,0.4431783,0.6029321,0.5425864,0.6680879,0.513281
D:\uwiqa_dataset\UIED\ref\306.bmp,uied_fold09,59.719703,0.5791984634240387,test,0.6299152,0.69475734,0.06283402,0.24240862,0.5012572,0.40683603,0.47930586,0.5068879,0.5606863,0.4157103,0.56825536
D:\uwiqa_dataset\UIED\ref\309.bmp,uied_fold09,60.076262,0.5843796556261598,test,0.5102842,0.59176594,0.12896812,0.27926594,0.45875096,0.5034978,0.47994217,0.56166655,0.5492995,0.4770634,0.5014364
D:\uwiqa_dataset\UIED\ref\314.bmp,uied_fold09,63.356282,0.6320419332486606,test,0.5411608,0.7072813,0.06433714,0.22838157,0.46841574,0.4738873,0.43142226,0.64158046,0.64084363,0.43899256,0.5105268
D:\uwiqa_dataset\UIED\ref\315.bmp,uied_fold09,76.276678,0.8197894168446909,test,0.6032437,0.58190113,0.08264995,0.33544886,0.4103717,0.6132581,0.41666505,0.4982322,0.54787767,0.5111987,0.47573593
D:\uwiqa_dataset\UIED\ref\318.bmp,uied_fold09,54.20975,0.49913282066182013,test,0.6085882,0.5880082,0.12502642,0.28696528,0.44504958,0.5300486,0.48740453,0.5029692,0.5339481,0.50585175,0.5391049
D:\uwiqa_dataset\UIED\ref\328.bmp,uied_fold09,72.21273,0.7607358080802906,test,0.8005692,0.75255054,0.06376923,0.18368028,0.5141969,0.48162737,0.4779831,0.5440471,0.53055865,0.47754678,0.5080296
D:\uwiqa_dataset\UIED\ref\336.bmp,uied_fold09,72.643323,0.7669927952658278,test,0.6831615,0.81235856,0.04790801,0.13973336,0.55566037,0.3679354,0.47610795,0.56933326,0.5838139,0.41548058,0.48935354
D:\uwiqa_dataset\UIED\ref\337.bmp,uied_fold09,68.306021,0.7039670539421078,test,0.6814865,0.5875574,0.15642233,0.25602028,0.47225335,0.5274211,0.466227,0.5373047,0.52752405,0.49615842,0.49558297
D:\uwiqa_dataset\UIED\ref\339.bmp,uied_fold09,71.66136,0.7527237990032978,test,0.802638,0.766169,0.048000872,0.18583007,0.5275558,0.3918551,0.55638206,0.54519606,0.568651,0.44046083,0.54264903
D:\uwiqa_dataset\UIED\ref\343.bmp,uied_fold09,69.976915,0.7282469710480313,test,0.6882993,0.6942839,0.05266127,0.25305483,0.50321126,0.43359023,0.5025604,0.5373699,0.5484312,0.45771837,0.5057901
D:\uwiqa_dataset\UIED\ref\349.bmp,uied_fold09,30.605362,0.15613524931614856,test,0.55799866,0.6913478,0.11037081,0.19828139,0.46512628,0.5350428,0.49141514,0.535395,0.4852482,0.51641536,0.49414182
D:\uwiqa_dataset\UIED\ref\351.bmp,uied_fold09,62.899518,0.6254046528125767,test,0.56778216,0.7891487,0.067124076,0.14372723,0.4334755,0.620586,0.52471024,0.5524196,0.53069705,0.59608996,0.43898
D:\uwiqa_dataset\UIED\ref\354.bmp,uied_fold09,41.543438,0.31507745545148147,test,0.45654136,0.76999474,0.038486864,0.19151841,0.52104235,0.4023586,0.52690476,0.48852673,0.6092151,0.41869605,0.5548285
D:\uwiqa_dataset\UIED\ref\355.bmp,uied_fold09,30.605362,0.15613524931614856,test,0.32395035,0.69028986,0.066081055,0.24362904,0.5079945,0.35505635,0.6141196,0.4886581,0.6455096,0.40484825,0.58521
D:\uwiqa_dataset\UIED\ref\357.bmp,uied_fold09,36.077373,0.23564955332508114,test,0.42308736,0.6146181,0.14288269,0.24249916,0.3110479,0.799286,0.46682915,0.57280993,0.5603929,0.70390797,0.4524965
D:\uwiqa_dataset\UIED\ref\362.bmp,uied_fold09,52.859096,0.479506340969641,test,0.4391923,0.71195257,0.050459795,0.23758768,0.50481415,0.5939239,0.42603582,0.6475195,0.5226953,0.545665,0.48469895
D:\uwiqa_dataset\UIED\ref\365.bmp,uied_fold09,67.307552,0.6894582074486532,test,0.5971782,0.6609768,0.09192521,0.247098,0.371524,0.640765,0.45210552,0.53375256,0.5075248,0.58722323,0.50825727
D:\uwiqa_dataset\UIED\ref\367.bmp,uied_fold09,25.336851,0.07957802285435867,test,0.1485712,0.52586573,0.060961,0.41317323,0.355357,0.84788585,0.5454336,0.3327371,0.6721477,0.7075507,0.48759955
D:\uwiqa_dataset\UIED\ref\382.bmp,uied_fold09,67.152137,0.6871998575371583,test,0.5980698,0.5882027,0.10486663,0.30693072,0.4357252,0.5879421,0.4753908,0.51622754,0.5593815,0.5296101,0.48029244
D:\uwiqa_dataset\UIED\ref\386.bmp,uied_fold09,65.773575,0.6671678440848531,test,0.6306633,0.6320374,0.094377086,0.27358544,0.4201137,0.61324567,0.46890065,0.5205835,0.54894525,0.54894304,0.48662436
D:\uwiqa_dataset\UIED\ref\389.bmp,uied_fold09,68.809469,0.7112827039517092,test,0.58851355,0.6337483,0.082210526,0.28404117,0.48819,0.47583836,0.4894522,0.4993518,0.5524578,0.4667554,0.5128347
D:\uwiqa_dataset\UIED\ref\394.bmp,uied_fold09,21.761228,0.027620310371081227,test,-0.0632779,0.43845233,0.012679032,0.54886866,0.54630196,0.40266043,0.4059291,0.47996438,0.63498807,0.40144894,0.4688843
D:\uwiqa_dataset\UIED\ref\397.bmp,uied_fold09,69.18489,0.716737981641271,test,0.66309714,0.5808244,0.14287311,0.2763025,0.47435763,0.46454743,0.5096582,0.5223933,0.51150894,0.46522263,0.539085
D:\uwiqa_dataset\UIED\ref\399.bmp,uied_fold09,62.615066,0.6212712541765087,test,0.6292908,0.6095025,0.123005204,0.26749223,0.4320484,0.59032,0.47304964,0.5577865,0.5120399,0.53931236,0.46638647
D:\uwiqa_dataset\UIED\ref\403.bmp,uied_fold09,57.825625,0.5516754387245943,test,0.56919956,0.47897443,0.23657319,0.2844524,0.4268404,0.5801737,0.4807224,0.5253713,0.48820654,0.5503705,0.5198785
D:\uwiqa_dataset\UIED\ref\429.bmp,uied_fold09,50.832943,0.4500641220832735,test,0.41635257,0.65440106,0.074705906,0.270893,0.35303533,0.60756916,0.41185635,0.57905376,0.5774884,0.5432002,0.5123989
D:\uwiqa_dataset\UIED\ref\431.bmp,uied_fold09,46.800863,0.3914735902096466,test,0.5947968,0.5788465,0.124877475,0.29627597,0.49546695,0.5034366,0.47952858,0.53982836,0.53246605,0.5051299,0.4896678
D:\uwiqa_dataset\UIED\ref\432.bmp,uied_fold09,68.282973,0.7036321412968667,test,0.3136477,0.7644824,0.027432965,0.20808464,0.5308507,0.42477956,0.49277103,0.48076406,0.5640946,0.46084103,0.4943694
D:\uwiqa_dataset\UIED\ref\445.bmp,uied_fold09,43.821075,0.3481740118801862,test,0.42385048,0.40313584,0.077846296,0.5190179,0.4998247,0.486711,0.45028564,0.4806281,0.5441796,0.4559702,0.4967724
D:\uwiqa_dataset\UIED\ref\454.bmp,uied_fold09,46.725597,0.39037989291891817,test,0.44297194,0.52852464,0.12752047,0.34395492,0.514046,0.45125365,0.45959717,0.59531665,0.59453684,0.46733958,0.49279332
D:\uwiqa_dataset\UIED\ref\459.bmp,uied_fold09,35.562367,0.2281659529356769,test,0.35822934,0.60134125,0.1264951,0.2721637,0.4379286,0.56552196,0.44759554,0.6414231,0.56201,0.53953826,0.49695003
D:\uwiqa_dataset\UIED\ref\463.bmp,uied_fold09,34.041926,0.20607228245481604,test,0.46110252,0.73373455,0.060976807,0.20528865,0.4230927,0.5950354,0.44525516,0.58227205,0.59065056,0.54480934,0.48648
D:\uwiqa_dataset\UIED\ref\464.bmp,uied_fold09,41.303393,0.31158933908880887,test,0.3454608,0.6638623,0.08638512,0.24975263,0.34888744,0.74288744,0.4731057,0.5420211,0.51851594,0.67703706,0.47798958
D:\uwiqa_dataset\UIED\ref\465.bmp,uied_fold09,67.153851,0.687224763831585,test,0.6326231,0.6243273,0.12684336,0.24882932,0.3913078,0.6603159,0.43550786,0.5345362,0.5392359,0.5979482,0.4936795
D:\uwiqa_dataset\UIED\ref\471.bmp,uied_fold09,30.236329,0.1507727962524891,test,0.20946975,0.5457771,0.048380658,0.40584224,0.19091763,0.9409171,0.5059177,0.52872205,0.6220907,0.86040264,0.44931686
D:\uwiqa_dataset\UIED\ref\476.bmp,uied_fold09,29.652787,0.14229329283226924,test,0.30033487,0.5997012,0.06334971,0.3369491,0.41637635,0.6346508,0.44745427,0.4938434,0.6275927,0.5707903,0.5068116
D:\uwiqa_dataset\UIED\ref\477.bmp,uied_fold09,41.417953,0.3132540211713674,test,0.22339709,0.6941827,0.10913707,0.1966802,0.19231132,0.7479515,0.34818494,0.73945767,0.5896587,0.64143366,0.62434024
D:\uwiqa_dataset\UIED\ref\482.bmp,uied_fold09,55.881824,0.5234298844581889,test,0.5318504,0.5819769,0.0868581,0.331165,0.38200122,0.571164,0.4046061,0.727004,0.54409903,0.52089363,0.5425261
D:\uwiqa_dataset\UIED\ref\486.bmp,uied_fold09,59.732122,0.5793789250754291,test,0.38940802,0.78197086,0.047974464,0.17005472,0.43427658,0.6238632,0.4950945,0.5367815,0.5514168,0.58192813,0.45187533
D:\uwiqa_dataset\UIED\ref\490.bmp,uied_fold09,56.144745,0.5272504141180037,test,0.31366035,0.6074279,0.051026948,0.3415451,0.45626375,0.6085991,0.52406293,0.38926816,0.64002085,0.5295088,0.5165945
D:\uwiqa_dataset\UIED\ref\493.bmp,uied_fold09,61.498627,0.6050481745713273,test,0.46221957,0.588661,0.089509144,0.32182983,0.5289081,0.42976448,0.54623914,0.4763805,0.5985731,0.4793726,0.49420175
D:\uwiqa_dataset\UIED\ref\504.bmp,uied_fold09,67.541687,0.6928604450481629,test,0.6738798,0.69318074,0.08671761,0.22010168,0.44676706,0.5820287,0.46804053,0.543513,0.56235486,0.53924483,0.46617875
D:\uwiqa_dataset\UIED\ref\506.bmp,uied_fold09,68.150324,0.7017046062622184,test,0.8053225,0.8306475,0.022060182,0.1472923,0.54459274,0.40232337,0.5077926,0.47944304,0.5967209,0.44106147,0.51143694
D:\uwiqa_dataset\UIED\ref\512.bmp,uied_fold09,56.942038,0.5388359533258367,test,0.63230354,0.6493129,0.1191085,0.23157865,0.39489278,0.64753276,0.43979722,0.54255235,0.5297426,0.5885667,0.49389756
D:\uwiqa_dataset\UIED\ref\521.bmp,uied_fold09,60.122021,0.5850445839380992,test,0.6370367,0.57290775,0.10692509,0.32016712,0.50521785,0.4611585,0.46903014,0.59083533,0.5690311,0.47830224,0.49822977
D:\uwiqa_dataset\UIED\ref\522.bmp,uied_fold09,65.45952,0.6626042814850109,test,0.61164784,0.57853454,0.15787444,0.26359105,0.40776482,0.6065708,0.4870306,0.5535078,0.49303743,0.56948924,0.4932447
D:\uwiqa_dataset\UIED\ref\528.bmp,uied_fold09,48.250972,0.4125452598155902,test,0.3888576,0.5621366,0.051931836,0.3859316,0.46829757,0.47890505,0.4296262,0.56773734,0.58714217,0.44404253,0.51960194
D:\uwiqa_dataset\UIED\ref\532.bmp,uied_fold09,60.480362,0.5902516705490116,test,0.5281986,0.6450145,0.06410995,0.29087555,0.533447,0.4183966,0.537007,0.47653317,0.6021447,0.46380806,0.5009365
D:\uwiqa_dataset\UIED\ref\537.bmp,uied_fold09,67.760937,0.6960463873194702,test,0.4576198,0.63886774,0.07146394,0.28966835,0.408419,0.5284795,0.42443398,0.65888536,0.6362487,0.45651773,0.52017987
D:\uwiqa_dataset\UIED\ref\541.bmp,uied_fold09,42.792716,0.3332308309990948,test,0.7043269,0.7430561,0.079756744,0.17718717,0.5223664,0.40821612,0.5428837,0.508942,0.59513366,0.44626188,0.5131836
D:\uwiqa_dataset\UIED\ref\547.bmp,uied_fold09,38.932158,0.27713270136154167,test,0.41453022,0.6180186,0.03581123,0.34617016,0.49922466,0.41789922,0.494228,0.563909,0.5799459,0.43396476,0.5175529
D:\uwiqa_dataset\UIED\ref\559.bmp,uied_fold09,63.744142,0.637677963211485,test,0.6990619,0.7033291,0.026604226,0.2700667,0.54891557,0.41755185,0.5136736,0.45303997,0.6039323,0.46101964,0.4941506
D:\uwiqa_dataset\UIED\ref\566.bmp,uied_fold09,67.60856,0.6938321828703254,test,0.7630326,0.6181311,0.12602767,0.25584117,0.4782918,0.5218083,0.49281758,0.61834055,0.5282201,0.49635366,0.47988167
D:\uwiqa_dataset\UIED\ref\573.bmp,uied_fold09,45.998732,0.3798177495709876,test,0.5317708,0.28698832,0.099571355,0.61344033,0.42745727,0.56457907,0.4761947,0.5169952,0.52557904,0.5163483,0.5144753
D:\uwiqa_dataset\UIED\ref\581.bmp,uied_fold09,23.236329,0.04905514106821992,test,-0.021876179,0.48205072,0.008585764,0.50936353,0.5511827,0.40346834,0.49928862,0.5036089,0.5763976,0.48283553,0.4856762
D:\uwiqa_dataset\UIED\ref\583.bmp,uied_fold09,46.51089,0.3872599654058255,test,0.587588,0.54304326,0.13443808,0.32251868,0.4475135,0.5169998,0.4729537,0.5473796,0.5295386,0.4972972,0.51145035
D:\uwiqa_dataset\UIED\ref\586.bmp,uied_fold09,62.138575,0.614347318857022,test,0.44345897,0.6071659,0.11426217,0.27857193,0.49656832,0.47157553,0.5021486,0.52832705,0.54389304,0.47483608,0.4979626
D:\uwiqa_dataset\UIED\ref\592.bmp,uied_fold09,49.410424,0.42939336534969186,test,0.40648305,0.53652465,0.0672831,0.39619225,0.50704396,0.44778046,0.51320773,0.51716834,0.57117367,0.4812422,0.49438378
D:\uwiqa_dataset\UIED\ref\598.bmp,uied_fold09,64.263694,0.6452276219523847,test,0.47498924,0.6871148,0.04596224,0.26692298,0.5175684,0.43688256,0.4875558,0.49758905,0.5863131,0.44377032,0.5111494
D:\uwiqa_dataset\UIED\ref\602.bmp,uied_fold09,53.53964,0.48939538953103,test,0.5976504,0.7459232,0.031284194,0.22279258,0.51647305,0.44941112,0.5124464,0.47410655,0.58890194,0.46532172,0.5047611
D:\uwiqa_dataset\UIED\ref\603.bmp,uied_fold09,51.644643,0.46185901075656943,test,0.3922392,0.57126915,0.062486015,0.3662448,0.48773313,0.50013256,0.52101094,0.49767885,0.575706,0.5122897,0.473423
D:\uwiqa_dataset\UIED\ref\608.bmp,uied_fold09,48.249859,0.412529086708416,test,0.53756464,0.5412062,0.069165565,0.38962823,0.51346385,0.47115856,0.50179774,0.47264072,0.5878204,0.4813995,0.49222243
D:\uwiqa_dataset\UIED\ref\613.bmp,uied_fold09,29.911459,0.14605207987538715,test,0.18841465,0.28124207,0.040064692,0.67869323,0.50298584,0.45312178,0.53497976,0.50142497,0.5683489,0.4927399,0.50232124
D:\uwiqa_dataset\UIED\ref\624.bmp,uied_fold09,55.825074,0.5226052448965165,test,0.66143113,0.6457759,0.06060553,0.29361853,0.47789916,0.52641857,0.4823209,0.48207211,0.57295805,0.51130587,0.47587162
D:\uwiqa_dataset\UIED\ref\637.bmp,uied_fold09,34.760141,0.21650873184312605,test,0.5899699,0.7027047,0.07855024,0.21874505,0.49209908,0.46342653,0.49936286,0.5097952,0.5559806,0.48148125,0.5040207
D:\uwiqa_dataset\UIED\ref\646.bmp,uied_fold09,37.101281,0.25052805630856895,test,0.108215645,0.52237535,0.03256396,0.44506073,0.5287142,0.41807333,0.51880896,0.5022856,0.57121617,0.48073745,0.490303
D:\uwiqa_dataset\UIED\ref\650.bmp,uied_fold09,57.703977,0.5499077602506149,test,0.7566501,0.67352104,0.10122921,0.22524978,0.45626843,0.5251903,0.47559136,0.5335021,0.50921845,0.499369,0.5093841
D:\uwiqa_dataset\UIED\ref\655.bmp,uied_fold09,71.882459,0.7559366092666673,test,0.58951163,0.8157405,0.036829833,0.14742967,0.2962675,0.8395031,0.4998817,0.47167706,0.59752804,0.7192358,0.49059767
D:\uwiqa_dataset\UIED\ref\658.bmp,uied_fold09,68.589132,0.7080809663816612,test,0.66083705,0.7214359,0.038272116,0.24029192,0.44948292,0.55922186,0.48379442,0.47717875,0.5729194,0.52058303,0.5106106
D:\uwiqa_dataset\UIED\ref\664.bmp,uied_fold09,69.103111,0.7155496433379405,test,0.6459124,0.55700934,0.09053127,0.35245937,0.32730117,0.7055506,0.4481277,0.55756843,0.59426206,0.59224015,0.50387025
D:\uwiqa_dataset\UIED\ref\673.bmp,uied_fold09,60.286904,0.5874405142437775,test,0.46088558,0.45522103,0.21265097,0.33212808,0.45900032,0.5085428,0.47862,0.56473655,0.508581,0.499889,0.5086685
D:\uwiqa_dataset\UIED\ref\675.bmp,uied_fold09,22.545373,0.039014794760291086,test,0.27656308,0.64484805,0.103056766,0.2520952,0.4822112,0.47569352,0.48023957,0.51520383,0.50856674,0.44042748,0.48846745
D:\uwiqa_dataset\UIED\ref\676.bmp,uied_fold09,59.320022,0.5733906614037952,test,0.6492324,0.7570618,0.02857598,0.21436214,0.5019605,0.45776367,0.4905166,0.47999984,0.57834786,0.45897987,0.5177035
D:\uwiqa_dataset\UIED\ref\685.bmp,uied_fold09,34.098555,0.2068951637541632,test,0.10249094,0.7171336,0.016825998,0.2660404,0.53199774,0.43660223,0.50596964,0.50377905,0.5792425,0.48156235,0.51371825
D:\uwiqa_dataset\UIED\ref\694.bmp,uied_fold09,32.470037,0.18323101627053812,test,0.06308766,0.5736943,0.026571324,0.3997344,0.5233087,0.42815152,0.49301785,0.49986473,0.54851925,0.46737617,0.49757233
D:\uwiqa_dataset\UIED\ref\701.bmp,uied_fold09,60.342421,0.5882472369670441,test,0.5308808,0.65958065,0.06695872,0.2734607,0.5208061,0.42819732,0.54918575,0.49316254,0.580964,0.47329316,0.5045252
D:\uwiqa_dataset\UIED\ref\702.bmp,uied_fold09,32.324476,0.1811158557553556,test,0.3087747,0.5335817,0.034554124,0.4318642,0.5372585,0.4068621,0.52545565,0.48608556,0.59515506,0.44977266,0.50848985
D:\uwiqa_dataset\UIED\ref\706.bmp,uied_fold09,49.352132,0.42854631884169164,test,0.67356145,0.77976924,0.030285994,0.1899447,0.49074587,0.44783688,0.48523787,0.50960743,0.56908965,0.4442091,0.5323522
D:\uwiqa_dataset\UIED\ref\708.bmp,uied_fold09,52.952297,0.48086065342404516,test,0.4298936,0.45268497,0.0651336,0.48218146,0.48161665,0.4420363,0.4917907,0.5315661,0.5774889,0.43596253,0.5289116
D:\uwiqa_dataset\UIED\ref\712.bmp,uied_fold09,54.742586,0.5068755104500724,test,0.56385016,0.632684,0.03194374,0.3353722,0.47848022,0.49476233,0.49851513,0.5287971,0.55347186,0.5089512,0.47971624
D:\uwiqa_dataset\UIED\ref\713.bmp,uied_fold09,51.688481,0.46249602483770774,test,0.5977503,0.59574723,0.076039135,0.32821366,0.4990415,0.44692838,0.5024474,0.5456334,0.5787239,0.46512508,0.4993219
D:\uwiqa_dataset\UIED\ref\718.bmp,uied_fold09,37.470799,0.25589755695262334,test,0.4467172,0.653567,0.026776154,0.31965682,0.45997924,0.48452654,0.47610524,0.5612777,0.590508,0.4637677,0.5064257
D:\uwiqa_dataset\UIED\ref\720.bmp,uied_fold09,20.579028,0.010441651519817968,test,0.06794535,0.2855067,0.015470835,0.6990224,0.49842688,0.436506,0.5388594,0.49109623,0.5661539,0.46366373,0.52414185
D:\uwiqa_dataset\UIED\ref\722.bmp,uied_fold09,45.496102,0.3725139859959492,test,0.38691294,0.61008596,0.050809905,0.33910415,0.5044211,0.41335568,0.5084752,0.5699655,0.5801643,0.44110042,0.5141073
D:\uwiqa_dataset\UIED\ref\727.bmp,uied_fold09,73.088133,0.7734563710090443,test,0.67896265,0.6133901,0.08528956,0.30132037,0.456399,0.53577256,0.47909454,0.5370238,0.5353468,0.5098306,0.49003172
D:\uwiqa_dataset\UIED\ref\728.bmp,uied_fold09,64.396475,0.6471570750913879,test,0.5543726,0.7351069,0.04988889,0.21500422,0.32498434,0.8128877,0.507597,0.50712466,0.5228023,0.7306417,0.4564565
D:\uwiqa_dataset\UIED\ref\736.bmp,uied_fold09,62.565058,0.6205445832478723,test,0.60608745,0.4854154,0.29300642,0.22157812,0.3452038,0.5235125,0.4713432,0.4602202,0.5110367,0.5240757,0.5420587
D:\uwiqa_dataset\UIED\ref\754.bmp,uied_fold09,33.119672,0.19267092325991428,test,0.19720647,0.4994763,0.06407576,0.43644795,0.21659955,0.908419,0.52776265,0.49881133,0.5851717,0.8250671,0.47177386
D:\uwiqa_dataset\UIED\ref\764.bmp,uied_fold09,37.446302,0.25554158875275923,test,0.29823497,0.5753679,0.043437198,0.3811949,0.17379369,0.9301296,0.45987332,0.52323383,0.5995366,0.86434406,0.51874816
D:\uwiqa_dataset\UIED\ref\768.bmp,uied_fold09,61.160305,0.6001319859231484,test,0.60064846,0.7147874,0.105972774,0.17923976,0.2873356,0.6182123,0.45380166,0.5365846,0.5391449,0.5681038,0.56190985
D:\uwiqa_dataset\UIED\ref\773.bmp,uied_fold09,62.180619,0.6149582641562459,test,0.3283217,0.6899644,0.061872024,0.24816354,0.3616726,0.70715815,0.41820952,0.6137314,0.5506806,0.6237495,0.47250333
D:\uwiqa_dataset\UIED\ref\779.bmp,uied_fold09,51.475955,0.45940778963975165,test,0.5306779,0.5983894,0.14945245,0.25215816,0.3759293,0.6709844,0.3595685,0.688879,0.6242929,0.5918889,0.5009614
D:\uwiqa_dataset\UIED\ref\788.bmp,uied_fold09,44.768809,0.3619456233399588,test,0.14030069,0.79139423,0.024425002,0.1841807,0.438266,0.58428174,0.3765764,0.70158255,0.6323407,0.5120578,0.48990723
D:\uwiqa_dataset\UIED\ref\794.bmp,uied_fold09,36.454092,0.24112369237413298,test,0.37526798,0.6731865,0.07642235,0.2503912,0.39191777,0.6002029,0.41047692,0.6231571,0.6209108,0.52627355,0.4994318
D:\uwiqa_dataset\UIED\ref\796.bmp,uied_fold09,30.856667,0.15978698579273184,test,0.44881174,0.64260197,0.17629538,0.18110263,0.34076557,0.6580759,0.30788493,0.7012265,0.66354746,0.54106843,0.53436
D:\uwiqa_dataset\UIED\ref\797.bmp,uied_fold09,24.794104,0.07169131539745918,test,0.36678374,0.7767313,0.036024846,0.18724388,0.58166826,0.42830098,0.34105152,0.7192676,0.740379,0.48952317,0.46806926
D:\uwiqa_dataset\UIED\ref\804.bmp,uied_fold09,63.894609,0.6398644132718582,test,0.6681396,0.7950938,0.05472709,0.15017918,0.49462137,0.40122473,0.52601224,0.55058336,0.5244178,0.43161866,0.5277661
D:\uwiqa_dataset\UIED\ref\810.bmp,uied_fold09,54.224947,0.4993536496912252,test,0.55134475,0.4793648,0.11881231,0.40182284,0.48168778,0.53457344,0.47118732,0.5172806,0.5105797,0.50883645,0.5295775
D:\uwiqa_dataset\UIED\ref\813.bmp,uied_fold09,69.208288,0.7170779801692713,test,0.6147542,0.7310265,0.05989376,0.20907977,0.36602983,0.63448036,0.4634407,0.5763042,0.5614315,0.554045,0.49669287
D:\uwiqa_dataset\UIED\ref\832.bmp,uied_fold09,50.015344,0.43818351448884446,test,0.4721701,0.52221924,0.13323078,0.34454995,0.46860412,0.44949487,0.45893487,0.62574494,0.62179965,0.4593284,0.5192886
D:\uwiqa_dataset\UIED\ref\838.bmp,uied_fold09,70.030642,0.7290276831137577,test,0.7528775,0.6876223,0.100198805,0.21217886,0.5148463,0.39866272,0.5393724,0.5358958,0.5719987,0.43537202,0.53528625
D:\uwiqa_dataset\UIED\ref\844.bmp,uied_fold09,56.689831,0.5351711098028283,test,0.8052963,0.84496576,0.024743753,0.1302905,0.5090504,0.44250268,0.5146541,0.51810974,0.5636562,0.46078423,0.5210015
D:\uwiqa_dataset\UIED\ref\847.bmp,uied_fold09,59.388347,0.5743834983738617,test,0.5875189,0.39109346,0.15432051,0.454586,0.32425594,0.6639788,0.472098,0.57578176,0.47578204,0.6019074,0.53030276
D:\uwiqa_dataset\UIED\ref\849.bmp,uied_fold09,62.999027,0.6268506274053955,test,0.68902314,0.2344756,0.093859196,0.6716652,0.42186257,0.5361477,0.48066,0.53804916,0.5552009,0.48888868,0.5230525
D:\uwiqa_dataset\UIED\ref\851.bmp,uied_fold09,37.358948,0.2542722396026211,test,0.3836127,0.46294326,0.03696504,0.5000917,0.40882096,0.6638222,0.5144296,0.4999777,0.54933226,0.58475757,0.4943181
D:\uwiqa_dataset\UIED\ref\852.bmp,uied_fold09,60.064576,0.5842098452663764,test,0.41070855,0.5365134,0.06492651,0.39856014,0.38892493,0.6198729,0.45749038,0.49716693,0.58031857,0.5303301,0.54586226
D:\uwiqa_dataset\UIED\ref\866.bmp,uied_fold09,20.324741,0.006746583322126195,test,0.13929181,0.5276946,0.021399224,0.4509062,0.5288782,0.44210717,0.47472742,0.47962123,0.5659634,0.45075625,0.5012917
D:\uwiqa_dataset\UIED\ref\887.bmp,uied_fold09,25.958807,0.08861572370404258,test,0.25944495,0.5942576,0.017173698,0.38856867,0.52375764,0.44235072,0.45981362,0.4857036,0.548061,0.47287017,0.48565134
D:\uwiqa_dataset\UIED\ref\888.bmp,uied_fold09,35.475845,0.2269086936554121,test,0.14648478,0.57168907,0.031826988,0.39648402,0.49116552,0.46417814,0.46788484,0.52691704,0.5177916,0.48581943,0.4849967
D:\uwiqa_dataset\UIED\ref\892.bmp,uied_fold09,69.512194,0.7214940667001899,test,0.39707875,0.65902513,0.0649365,0.27603835,0.51828015,0.42808932,0.540764,0.49838766,0.5774901,0.46311185,0.51143163
D:\uwiqa_dataset\UIED\ref\897.bmp,uied_fold09,55.958807,0.5245485316366247,test,0.5418772,0.70937926,0.017054103,0.2735666,0.50720835,0.45331517,0.4964631,0.4929042,0.57612056,0.46162394,0.5072889
D:\uwiqa_dataset\UIED\ref\909.bmp,uied_fold09,65.222011,0.6591530159757022,test,0.40105996,0.46690643,0.057642393,0.47545114,0.48775226,0.47920007,0.51359254,0.48648807,0.5844903,0.46834564,0.5062808
D:\uwiqa_dataset\UIED\ref\913.bmp,uied_fold09,57.204052,0.5426433032837583,test,0.5710789,0.53137267,0.100395955,0.3682314,0.30259824,0.7564319,0.5225277,0.52465934,0.5293895,0.66360724,0.5879848
D:\uwiqa_dataset\UIED\ref\923.bmp,uied_fold09,42.510444,0.3291291101470699,test,0.54004514,0.49272305,0.0827347,0.42454225,0.2697096,0.6176408,0.47128516,0.49151626,0.5085093,0.58782405,0.5967896
D:\uwiqa_dataset\UIED\ref\924.bmp,uied_fold09,67.18849,0.6877281063827175,test,0.5279414,0.28984377,0.14332698,0.56682926,0.27459258,0.68594104,0.4797373,0.5253192,0.47042784,0.62228125,0.5854559
D:\uwiqa_dataset\UIED\ref\926.bmp,uied_fold09,41.41945,0.31327577421848324,test,0.5621187,0.43523172,0.17449455,0.39027378,0.3180273,0.59318006,0.43843937,0.5510239,0.5263051,0.5395344,0.5743846
D:\uwiqa_dataset\UIED\ref\927.bmp,uied_fold09,41.708236,0.31747215061420386,test,0.24091585,0.8404863,0.024397861,0.13511583,0.48969668,0.53073823,0.48471928,0.5279201,0.52865255,0.54027385,0.45934615
D:\uwiqa_dataset\UIED\ref\928.bmp,uied_fold09,40.675621,0.3024671253987605,test,0.45901686,0.6033784,0.09986433,0.29675728,0.16678034,0.8525844,0.43795323,0.6815658,0.4682163,0.73736763,0.6244258
D:\uwiqa_dataset\UIED\ref\938.bmp,uied_fold09,76.477074,0.822701389877306,test,0.48970872,0.6244595,0.045325823,0.3302147,0.26445442,0.8521083,0.49539962,0.52148247,0.586906,0.7394208,0.49808332
D:\uwiqa_dataset\UIED\ref\943.bmp,uied_fold09,60.141209,0.5853234065620531,test,0.6222745,0.7283042,0.033891883,0.23780389,0.3234762,0.79013926,0.51082265,0.49701,0.53846395,0.70225817,0.47844616
D:\uwiqa_dataset\UIED\ref\947.bmp,uied_fold09,64.757527,0.6524035554970437,test,0.5778475,0.5866673,0.077440485,0.33589223,0.37191162,0.75388974,0.53196055,0.39846322,0.59976846,0.6563613,0.570038
D:\uwiqa_dataset\UIED\ref\948.bmp,uied_fold09,37.111595,0.25067793000793614,test,0.1942197,0.3955419,0.058122143,0.546336,0.3281442,0.82434833,0.3424465,0.84585595,0.43917978,0.7202398,0.48948175
D:\uwiqa_dataset\UIED\ref\951.bmp,uied_fold09,60.815529,0.5951220135968895,test,0.5333231,0.68605435,0.11220227,0.20174342,0.26778606,0.75167626,0.45279062,0.6506624,0.5180024,0.6447389,0.54517734
D:\uwiqa_dataset\UIED\ref\952.bmp,uied_fold09,40.48239,0.29965926765177314,test,0.26905882,0.46438158,0.033205055,0.5024134,0.33441544,0.8682381,0.5736319,0.34170547,0.6679515,0.749102,0.47240973
D:\uwiqa_dataset\UIED\ref\955.bmp,uied_fold09,47.964054,0.4083760275027102,test,0.5452137,0.74398434,0.060319766,0.19569597,0.4576815,0.6187167,0.4870017,0.5044741,0.5616663,0.57255876,0.4731339
D:\uwiqa_dataset\UIED\ref\961.bmp,uied_fold09,52.548398,0.4749915592510064,test,0.5763247,0.4619517,0.15328562,0.3847627,0.45297843,0.52782464,0.44076464,0.63080287,0.5631986,0.5065386,0.5009058
D:\uwiqa_dataset\UIED\ref\962.bmp,uied_fold09,24.324741,0.06487095771313715,test,-0.024670433,0.4903988,0.043833494,0.46576768,0.3681421,0.834175,0.50404614,0.3614885,0.6452144,0.7028874,0.57131827
D:\uwiqa_dataset\UIED\ref\968.bmp,uied_fold09,61.100156,0.5992579551743371,test,0.53066075,0.38867244,0.120831765,0.49049577,0.34553134,0.65524644,0.48357558,0.5613393,0.4654767,0.59445906,0.52138036
D:\uwiqa_dataset\UIED\ref\969.bmp,uied_fold09,62.213441,0.6154352037103114,test,0.37310082,0.681154,0.022095986,0.29675007,0.4040855,0.70710695,0.53005326,0.39484876,0.61834794,0.6114676,0.50306135
D:\uwiqa_dataset\UIED\ref\974.bmp,uied_fold09,61.100156,0.5992579551743371,test,0.45615357,0.8267848,0.044189367,0.12902589,0.4236882,0.59271145,0.40592477,0.66279316,0.59377664,0.49371204,0.5126264
D:\uwiqa_dataset\UIED\ref\976.bmp,uied_fold09,32.502339,0.18370039965593274,test,0.47021118,0.8222102,0.04745656,0.13033323,0.41518825,0.61441916,0.43455374,0.6059231,0.5489499,0.5338981,0.5016229
D:\uwiqa_dataset\UIED\ref\977.bmp,uied_fold09,68.100156,0.7009756103586063,test,0.6682526,0.80420935,0.06459642,0.13119425,0.53072774,0.4370762,0.49159652,0.6265861,0.59351784,0.46589506,0.4971608
D:\uwiqa_dataset\UIED\ref\979.bmp,uied_fold09,61.448216,0.604315647611971,test,0.26081932,0.76845324,0.048084542,0.18346211,0.19310528,0.87499386,0.41095164,0.611499,0.67642564,0.7505541,0.4961339
D:\uwiqa_dataset\UIED\ref\981.bmp,uied_fold09,60.928144,0.5967584327024006,test,0.48366374,0.68342113,0.050705973,0.2658729,0.44954872,0.6762342,0.50818753,0.3583308,0.634332,0.5472004,0.57938695
D:\uwiqa_dataset\UIED\ref\983.bmp,uied_fold09,62.551896,0.6203533249939387,test,0.26645607,0.8302833,0.014727133,0.15498951,0.3993762,0.6183822,0.40741128,0.658644,0.62319744,0.526425,0.4869628
D:\uwiqa_dataset\UIED\ref\986.bmp,uied_fold09,77.002549,0.8303371162855852,test,0.7074206,0.6889719,0.05939634,0.25163177,0.55163366,0.4200304,0.4702842,0.5529547,0.5713294,0.43625534,0.46828875
D:\uwiqa_dataset\UIED\ref\993.bmp,uied_fold09,56.726391,0.5357023665847621,test,0.5721766,0.74189645,0.06377835,0.1943253,0.48267746,0.50055146,0.461366,0.58584803,0.6107215,0.49162713,0.46965775
