category,display_method,method_key,status,method,dataset,higher_better,n,srcc,plcc_raw,krcc,rmse_raw,nrmse_raw,plcc_linear,rmse_linear,nrmse_linear,linear_slope,linear_intercept,elapsed_sec,total_elapsed_sec
Ours,AquaCLIP-QA,aquaclip_qa,completed,AquaCLIP-QA,uid2021,True,180,0.7801063818842144,0.7929680421395374,0.5851024208566108,0.1492262870077079,0.1497435037179689,0.7929680421395373,0.1425504811938659,0.1430445596327766,0.8202557732599997,0.0786555338301426,0.0,0.3033325999276712
Ours,AquaCLIP-QA,aquaclip_qa,completed,AquaCLIP-QA,uwiqa,True,178,0.8245931613473799,0.8317849263619147,0.684002086564565,0.1084239419023224,0.1084239419023224,0.8317849263619147,0.106279038149475,0.106279038149475,0.9149618608705634,0.0160002485386836,0.0,0.3033325999276712
Ours,AquaCLIP-QA,aquaclip_qa,completed,AquaCLIP-QA,uiqd,True,1263,0.9651073650913377,0.9697752957631736,0.8440994007758036,0.062071511030182,0.062071511030182,0.9697752957631736,0.0596906616800813,0.0596906616800813,0.9363931755602564,0.0187758836400581,0.0,0.3033325999276712
Ours,AquaCLIP-QA,aquaclip_qa,completed,AquaCLIP-QA,saud2,True,480,0.6581800909390527,0.6665323296261936,0.4733856600663439,0.182324944819766,0.1825141420864316,0.6665323296261937,0.1793274118412229,0.1795134985897592,0.8296837947779474,0.0842574963622509,0.0,0.3033325999276712
Ours,AquaCLIP-QA,aquaclip_qa,completed,AquaCLIP-QA,sota,True,1440,0.8926713932551995,0.9123616343818984,0.721420146779635,0.0908736624586451,0.0944607932313184,0.9123616343818984,0.0882861234924164,0.0917711142126242,0.902557729280588,0.0445063329025889,0.0,0.3033325999276712
Ours,AquaCLIP-QA,aquaclip_qa,completed,AquaCLIP-QA,mean,True,3541,0.8241316785034367,0.8346844456545435,0.6616019430085917,0.1185840694437247,0.1194427783936446,0.8346844456545435,0.1152267432714123,0.1160597744529432,0.880770466749871,0.0484390990547448,0.0,0.3033325999276712
Traditional / NR-IQA,BRISQUE,brisque,completed,brisque,uid2021,False,180,-0.0149037521734209,-0.0152319640721757,-0.0150217256362507,26.47232288054774,26.564075667726147,0.0152319640721764,0.2339447652767626,0.2347556153240667,0.0002661540729747,0.5100282096052936,7.451895600184798,193.51948370004536
Traditional / NR-IQA,BRISQUE,brisque,completed,brisque,uwiqa,False,178,0.4274336448253555,0.4052152669653134,0.3152480204950822,31.906041009375507,31.906041009375507,0.4052152669653134,0.1750367559962101,0.1750367559962101,-0.0043253848447292,0.4681590649503448,8.817039201036096,193.51948370004536
Traditional / NR-IQA,BRISQUE,brisque,completed,brisque,uiqd,False,1263,0.7035703603386866,0.6937974084244156,0.5139022055063255,44.40604822598343,44.40604822598343,0.6937974084244155,0.1761782059241328,0.1761782059241328,-0.0085049799641426,0.7109952773977124,84.88970290508587,193.51948370004536
Traditional / NR-IQA,BRISQUE,brisque,completed,brisque,saud2,False,480,0.0604508352649388,0.1132339463316377,0.0407786847808666,26.11365117885812,26.140749124400244,0.1132339463316377,0.2390070389583996,0.239255054821119,-0.0023899696784586,0.545505120663571,22.51960929948837,193.51948370004536
Traditional / NR-IQA,BRISQUE,brisque,completed,brisque,sota,False,1440,0.1628965817715707,0.176799720750726,0.1077744902362732,31.048275613238044,32.27386971693525,0.176799720750726,0.2122581305407266,0.2206367701950844,-0.002336064901184,0.5499089321747633,69.11272910167463,193.51948370004536
Traditional / NR-IQA,BRISQUE,brisque,completed,brisque,mean,False,3541,0.2678895340054262,0.2747628756799834,0.1925363350764593,31.989267781600567,32.25815674888411,0.2808556613088538,0.2072849793392463,0.2091724804521226,-0.0034580490631079,0.5569193209583371,38.55819522149395,193.51948370004536
VLM / CLIP-IQA,CLIP-IQA (pyiqa),clipiqa,completed,clipiqa,uid2021,True,180,0.1147216477874831,0.1404337349800975,0.0793296089385474,0.2695669785203526,0.2705012947766975,0.1404337349800974,0.2316532661292753,0.2324561738651114,0.2147644212426364,0.4196756007065683,11.172326399828307,461.4006339000771
VLM / CLIP-IQA,CLIP-IQA (pyiqa),clipiqa,completed,clipiqa,uwiqa,True,178,0.4888536552793404,0.4830364331542361,0.3648011128344346,0.1959714170727711,0.1959714170727711,0.4830364331542361,0.1676423725483815,0.1676423725483815,0.5697810996366026,0.1109070247633963,18.416460400563665,461.4006339000771
VLM / CLIP-IQA,CLIP-IQA (pyiqa),clipiqa,completed,clipiqa,uiqd,True,1263,0.5487977075899294,0.6378053756225589,0.3889760738190183,0.1893813624912084,0.1893813624912084,0.6378053756225589,0.1884166016046293,0.1884166016046293,0.8926032165336341,0.0372919380547263,280.1818499023793,461.4006339000771
VLM / CLIP-IQA,CLIP-IQA (pyiqa),clipiqa,completed,clipiqa,saud2,True,480,0.1431895487467979,0.1322906634286177,0.093772296346169,0.2651407200539649,0.2654158546471251,0.1322906634286177,0.2384399596106923,0.2386873870193049,0.2306872772357027,0.3881236593907983,29.03320680162869,461.4006339000771
VLM / CLIP-IQA,CLIP-IQA (pyiqa),clipiqa,completed,clipiqa,sota,True,1440,0.1173214758754949,0.1184205036198102,0.0781806494323934,0.2707162591440101,0.2814024645589221,0.1184205036198101,0.214137931175595,0.2225907737455324,0.1486871861422891,0.428113241103136,119.38491650193464,461.4006339000771
VLM / CLIP-IQA,CLIP-IQA (pyiqa),clipiqa,completed,clipiqa,mean,True,3541,0.2825768070558092,0.3023973421610641,0.2010119482741125,0.2381553474564614,0.2405344787093448,0.302397342161064,0.2080580262137147,0.2099586617565919,0.411304640158173,0.276822292803725,91.63775200126692,461.4006339000771
VLM / CLIP-IQA,CLIP-IQA (classic run),clipiqa_classic,completed,CLIP-IQA-classic,uid2021,True,180,0.1761171164925231,0.142901971234758,0.1168577430839933,0.3626950771213594,0.3639521743686216,0.142901971234758,0.2315706196176692,0.2323732409015824,0.1464534365242264,0.4111298558112256,0.0,0.2507196000078693
VLM / CLIP-IQA,CLIP-IQA (classic run),clipiqa_classic,completed,CLIP-IQA-classic,uwiqa,True,178,0.5249280554948356,0.5135523710662625,0.3933781526089421,0.3936716356318864,0.3936716356318864,0.5135523710662625,0.1642837817643844,0.1642837817643844,0.4259653732278541,0.0624224940710714,0.0,0.2507196000078693
VLM / CLIP-IQA,CLIP-IQA (classic run),clipiqa_classic,completed,CLIP-IQA-classic,uiqd,True,1263,0.6777553610472795,0.7728169122553573,0.4938688171199537,0.257239420422891,0.257239420422891,0.7728169122553573,0.1552519136717447,0.1552519136717447,0.7150215616620288,-0.0292238682082312,0.0,0.2507196000078693
VLM / CLIP-IQA,CLIP-IQA (classic run),clipiqa_classic,completed,CLIP-IQA-classic,saud2,True,480,0.1966657563713483,0.2074930561759975,0.1313524462916174,0.3650622272764908,0.3654410496895831,0.2074930561759975,0.2353188949402117,0.2355630836427585,0.2626725177988898,0.2982516285301475,0.0,0.2507196000078693
VLM / CLIP-IQA,CLIP-IQA (classic run),clipiqa_classic,completed,CLIP-IQA-classic,sota,True,1440,0.0964650002490749,0.0906029300996696,0.0643424160141536,0.3583947241327212,0.3725419336642538,0.0906029300996696,0.2147684126883037,0.2232461427732223,0.0692025990309078,0.4474704128822005,0.0,0.2507196000078693
VLM / CLIP-IQA,CLIP-IQA (classic run),clipiqa_classic,completed,CLIP-IQA-classic,mean,True,3541,0.3343862579310123,0.345473448166409,0.239959915023732,0.3474126169170698,0.3505692427554472,0.3454734481664089,0.2002387245364628,0.2021436325507385,0.3238630976487814,0.2380101046172827,0.0,0.2507196000078693
General deep NR-IQA,HyperIQA,hyperiqa,completed,hyperiqa,uid2021,True,180,0.2946181466506168,0.2962575309136822,0.190316573556797,0.2382349161529093,0.2390606358171366,0.2962575309136823,0.2234684646413924,0.2242430039430566,0.6432400799331558,0.2310804441607536,16.073712399811484,369.746333799907
General deep NR-IQA,HyperIQA,hyperiqa,completed,hyperiqa,uwiqa,True,178,0.4769070360757718,0.4945208072341914,0.3605658057968831,0.170638038472502,0.170638038472502,0.4945208072341914,0.1664104305921402,0.1664104305921402,1.1293987290885992,-0.0868143280272178,18.27669999958016,369.746333799907
General deep NR-IQA,HyperIQA,hyperiqa,completed,hyperiqa,uiqd,True,1263,0.710317034469856,0.8032062146074715,0.5214817506015117,0.171026676814114,0.171026676814114,0.8032062146074715,0.1457288063309361,0.1457288063309361,1.805911842965115,-0.2705761609293952,144.1366857982939,369.746333799907
General deep NR-IQA,HyperIQA,hyperiqa,completed,hyperiqa,saud2,True,480,0.0829205741912305,0.0905036701069785,0.0543945441414222,0.2580396134370095,0.258307379263578,0.0905036701069784,0.239566993391081,0.2398155903144349,0.2881160829196222,0.3720418160772119,44.61299330124166,369.746333799907
General deep NR-IQA,HyperIQA,hyperiqa,completed,hyperiqa,sota,True,1440,0.1895580163615605,0.1772845902328245,0.1265638543058134,0.2371904886827844,0.2465533038034649,0.1772845902328245,0.2122393210493916,0.2206172182212373,0.3554439808080958,0.3438315388550126,144.18730160372797,369.746333799907
General deep NR-IQA,HyperIQA,hyperiqa,completed,hyperiqa,mean,True,3541,0.3508641615498071,0.3723545626190297,0.2506645056804855,0.2150259467118638,0.2171172068341591,0.3723545626190297,0.1974828032009882,0.199363009880361,0.8444221431429177,0.117912662027273,73.45747862053103,369.746333799907
VLM / CLIP-IQA,LIQE,liqe,completed,liqe,uid2021,True,180,0.4812370752183709,0.4840104682446315,0.325512104283054,1.7651108310106554,1.7712286862194642,0.4840104682446315,0.2047399752053848,0.2054496017635338,0.14048034868514,0.2172451853459793,9.489400500664487,252.98790629999712
VLM / CLIP-IQA,LIQE,liqe,completed,liqe,uwiqa,True,166,0.5883042157291887,0.5689199429727986,0.4538357539105262,1.607361433810232,1.607361433810232,0.5689199429727986,0.1608819907035573,0.1608819907035573,0.1432184998478178,0.0936831395870184,11.39611799933482,252.98790629999712
VLM / CLIP-IQA,LIQE,liqe,completed,liqe,uiqd,True,1263,0.6862108796407121,0.8166222398356421,0.5021253022045683,1.4619856733386298,1.4619856733386298,0.8166222398356421,0.141196088345565,0.141196088345565,0.2007506175022268,0.0559636126649711,109.7250990049215,252.98790629999712
VLM / CLIP-IQA,LIQE,liqe,completed,liqe,saud2,True,480,0.1824647600591971,0.193242860474476,0.1226922363215508,1.6887331987919276,1.690485584926774,0.193242860474476,0.2360199816223743,0.2362648978374625,0.0657115663422738,0.3573318113878846,28.58947520004585,252.98790629999712
VLM / CLIP-IQA,LIQE,liqe,completed,liqe,sota,True,1440,0.2713913261842059,0.2598130267023898,0.181871355216616,1.8369254882001895,1.9094359578737252,0.2598130267023897,0.2082495483359377,0.2164699539300348,0.0567866203506271,0.3723590421654599,89.51981129671913,252.98790629999712
VLM / CLIP-IQA,LIQE,liqe,completed,liqe,mean,True,3529,0.441921651366335,0.4645217076459877,0.3172073503872631,1.672023325030327,1.688099467233765,0.4645217076459876,0.1902175168425638,0.1920525065160307,0.1213895305456171,0.2193165582302627,49.74398080033716,252.98790629999712
General deep NR-IQA,MANIQA,maniqa,completed,maniqa,uid2021,True,180,0.2101196538987829,0.2195343456804418,0.1400372439478584,0.3148421823501556,0.315933421977381,0.2195343456804418,0.2282641110043643,0.2290552719648874,0.497078320218753,0.3641383678437129,280.19536659959704,5599.815027499921
General deep NR-IQA,MANIQA,maniqa,completed,maniqa,uwiqa,True,178,0.4075737644184392,0.4086545082104648,0.3118597748650411,0.1823027067539129,0.1823027067539129,0.4086545082104649,0.1747434113143209,0.1747434113143209,0.9374434612674912,0.070684213665042,275.5635342997266,5599.815027499921
General deep NR-IQA,MANIQA,maniqa,completed,maniqa,uiqd,True,1263,0.4605298294938996,0.5780513618106771,0.3222690916266603,0.2215008487223999,0.2215008487223999,0.578051361810677,0.1996215309683035,0.1996215309683035,1.30984292117265,0.0013204608931735,1997.92610110261,5599.815027499921
General deep NR-IQA,MANIQA,maniqa,completed,maniqa,saud2,True,480,0.0461260139039335,0.0576622184296397,0.0309036181686391,0.3273700983491601,0.3277098079147214,0.0576622184296397,0.2401539524054519,0.240403158411898,0.2021728230486454,0.4349276108664552,758.5505850996124,5599.815027499921
General deep NR-IQA,MANIQA,maniqa,completed,maniqa,sota,True,1440,0.0903843931442644,0.0800898798042003,0.060670114345943,0.3109507912545083,0.323225207426562,0.0800898798042003,0.2149626210191914,0.2234480172491865,0.1655890361869934,0.4425757876556655,2280.204663198907,5599.815027499921
General deep NR-IQA,MANIQA,maniqa,completed,maniqa,mean,True,3541,0.2429467309718639,0.2687984627870847,0.1731479685908284,0.2713933254860274,0.2741343985589954,0.2687984627870847,0.2115491253423264,0.2134542779817193,0.6224253123789066,0.2627292881848098,1118.4880500600907,5599.815027499921
General deep NR-IQA,MUSIQ,musiq,completed,musiq,uid2021,True,180,0.4217702192454499,0.3758951734617936,0.2893854748603351,52.48885830108541,52.67078412099432,0.3758951734617937,0.2168129221976045,0.2175643934605417,0.0078278471861934,0.1104308108933481,7.92694269947242,684.2941777000669
General deep NR-IQA,MUSIQ,musiq,completed,musiq,uwiqa,True,178,0.6008952471322125,0.5962829335968153,0.4681426045506909,51.10892981206961,51.10892981206961,0.5962829335968151,0.1536991300818495,0.1536991300818495,0.01180822884265,-0.2417235847392009,15.011568199726751,684.2941777000669
General deep NR-IQA,MUSIQ,musiq,completed,musiq,uiqd,True,1263,0.7959905020988671,0.8375392728414364,0.6037101438202709,43.67163947160751,43.67163947160751,0.8375392728414364,0.1336624850806183,0.1336624850806183,0.0129770316857011,-0.1582067938106171,537.3405269996729,684.2941777000669
General deep NR-IQA,MUSIQ,musiq,completed,musiq,saud2,True,480,0.0891216863419452,0.1012376120772522,0.0595799485413402,53.19986330131784,53.25506841180637,0.1012376120772522,0.2393182971304653,0.2395666359835219,0.0026772887145421,0.3488387871021671,23.436843501753174,684.2941777000669
General deep NR-IQA,MUSIQ,musiq,completed,musiq,sota,True,1440,0.2209169544107476,0.2134355416218328,0.1476340219244449,51.77800579022451,53.8218815721904,0.2134355416218328,0.2106860674558303,0.2190026517718663,0.0037181605368304,0.3005029345646677,99.4525251055602,684.2941777000669
General deep NR-IQA,MUSIQ,musiq,completed,musiq,mean,True,3541,0.4257389218458445,0.424878106719826,0.3136904387394164,50.449459335260975,50.90566067773364,0.424878106719826,0.1908357803892736,0.1926990592756796,0.0078017113931834,0.0719684308020729,136.6336813012371,684.2941777000669
Traditional / NR-IQA,NIQE,niqe,completed,niqe,uid2021,False,180,0.1802236694548185,0.1188308814193108,0.1188081936685288,4.986482521321608,5.003765616258617,0.1188308814193107,0.2323141031596858,0.2331193013495816,-0.0169112886375826,0.5869207403061808,9.634793499018995,269.5858307000017
Traditional / NR-IQA,NIQE,niqe,completed,niqe,uwiqa,False,178,0.4247193450810082,0.3248345213208586,0.3192009737301303,5.377081247598595,5.377081247598595,0.3248345213208586,0.1810772340958332,0.1810772340958332,-0.0268932374784945,0.4770242263095703,12.045915499678811,269.5858307000017
Traditional / NR-IQA,NIQE,niqe,completed,niqe,uiqd,False,1263,0.7781526252987669,0.7259642167289192,0.58163227018623,6.795863486705025,6.795863486705025,0.7259642167289192,0.1682428249440602,0.1682428249440602,-0.0686790652057627,0.7865504777724845,129.1343451003777,269.5858307000017
Traditional / NR-IQA,NIQE,niqe,completed,niqe,saud2,False,480,-0.0201508746679218,0.0282682839275179,-0.0155736138856599,4.309775524783806,4.3142477474412,0.028268283927518,0.240458066345706,0.2407075879289719,-0.0085096697011383,0.5223134357312832,26.20967800100334,269.5858307000017
Traditional / NR-IQA,NIQE,niqe,completed,niqe,sota,False,1440,0.0682066124660453,0.0771255105074628,0.0455687014938538,5.267346270349419,5.475268559222662,0.0771255105074628,0.2150130295577299,0.2235004156054005,-0.0102948095765357,0.5358809626766748,91.75732209766284,269.5858307000017
Traditional / NR-IQA,NIQE,niqe,completed,niqe,mean,False,3541,0.2862302755265434,0.2550046827808138,0.2099273050386166,5.347309810151691,5.39324533144522,0.2550046827808139,0.207421051620603,0.2093294727847695,-0.0262576141199028,0.5817379685592388,53.75641083954834,269.5858307000017
General deep NR-IQA,TOPIQ-NR,topiq_nr,completed,topiq_nr,uid2021,True,180,0.3173410701976399,0.3061400971053479,0.2074487895716946,0.234849405596351,0.2356633911173002,0.306140097105348,0.2227380920372271,0.2235100998752787,0.6546037581245082,0.2201979239981191,7.712299599661492,567.2150090000359
General deep NR-IQA,TOPIQ-NR,topiq_nr,completed,topiq_nr,uwiqa,True,178,0.5316544836858942,0.5242073364833194,0.4050365296911737,0.1730933288983109,0.1730933288983109,0.5242073364833194,0.1630454989873452,0.1630454989873452,0.9556588684908276,-0.0396044069319762,17.314624999416992,567.2150090000359
General deep NR-IQA,TOPIQ-NR,topiq_nr,completed,topiq_nr,uiqd,True,1263,0.7860773531956766,0.8334768690392317,0.5927912321563921,0.1552741736109477,0.1552741736109477,0.8334768690392315,0.135173644010376,0.135173644010376,1.5211574412263955,-0.1489128673558298,388.4272495987825,567.2150090000359
General deep NR-IQA,TOPIQ-NR,topiq_nr,completed,topiq_nr,saud2,True,480,0.0974455907997957,0.1108864033619724,0.0644347399090487,0.2595991848255172,0.2598685690079512,0.1108864033619725,0.2390707217631604,0.2393188037090624,0.3337217332066715,0.3555160866760187,26.39209639886394,567.2150090000359
General deep NR-IQA,TOPIQ-NR,topiq_nr,completed,topiq_nr,sota,True,1440,0.1685649372547453,0.1654227980539507,0.1135318156806754,0.2477944840579723,0.2575758794041492,0.1654227980539507,0.2126842427278776,0.2210797026588457,0.2698890339419936,0.3795856521955726,119.80486920056865,567.2150090000359
General deep NR-IQA,TOPIQ-NR,topiq_nr,completed,topiq_nr,mean,True,3541,0.3802166870267504,0.3880267008087645,0.2766486214017969,0.2141221153978198,0.2162950684077318,0.3880267008087644,0.1945424399051973,0.1964255498481816,0.7470061669980794,0.1533564777163809,111.93022795945872,567.2150090000359
Traditional / underwater,UCIQE,uciqe,completed,UCIQE,uid2021,True,180,0.481846147514841,0.5122310803744528,0.3427684667908131,57.95567659617818,58.156550349664215,0.5122310803744526,0.2009462289650776,0.2016427064394471,0.0090153414793866,0.0025068135120144,7.900348100811243,371.9920885999454
Traditional / underwater,UCIQE,uciqe,completed,UCIQE,uwiqa,True,178,0.5442856636509682,0.5311868127577395,0.409413013629977,49.90311063536694,49.90311063536694,0.5311868127577395,0.1622153394149133,0.1622153394149133,0.0071131533053409,0.0125084448607224,13.724590999772772,371.9920885999454
Traditional / underwater,UCIQE,uciqe,completed,UCIQE,uiqd,True,1263,0.7003604060410412,0.7017209424380112,0.5118569550855236,45.0004547757688,45.0004547757688,0.7017209424380112,0.1742900413642928,0.1742900413642928,0.0115184501568352,-0.1180123946279681,204.50817029981408,371.9920885999454
Traditional / underwater,UCIQE,uciqe,completed,UCIQE,saud2,True,480,-0.047987953464559,0.0039472898771619,-0.023125511568762,60.53161838216361,60.59443160147416,0.0039472898771615,0.2405523244317567,0.2408019438259517,6.743959321866313e-05,0.4864924848830441,21.07754590071272,371.9920885999454
Traditional / underwater,UCIQE,uciqe,completed,UCIQE,sota,True,1440,-0.0243662162418699,-0.0584530394899613,-0.0090573730157232,60.82479123914591,63.22577821922562,0.0584530394899612,0.2152866461086802,0.2237848328473681,-0.0011792025167028,0.5604804271175011,124.21700419904664,371.9920885999454
Traditional / underwater,UCIQE,uciqe,completed,UCIQE,mean,True,3541,0.3308276095000843,0.3381266171914808,0.2463711101843657,54.84313032572469,55.37606511629995,0.3615078329874652,0.1986581160569442,0.2005469727783946,0.0053070364036157,0.1887951551490628,74.28553190003149,371.9920885999454
Traditional / underwater,UIQM,uiqm,completed,UIQM,uid2021,True,180,0.2652633311727728,0.2011054880668653,0.1798882681564245,105.10477943934544,105.46907147759411,0.2011054880668653,0.2291917671722914,0.2299861433791431,0.00076068477317,0.4509100843826643,10.736163999768904,839.0563501999713
Traditional / underwater,UIQM,uiqm,completed,UIQM,uwiqa,True,178,0.2794107122155206,0.206763151644002,0.2032947378024713,41.23670308793173,41.23670308793173,0.2067631516440021,0.1873226876474789,0.1873226876474789,0.0019947045201066,0.2824834473445189,26.89823579939548,839.0563501999713
Traditional / underwater,UIQM,uiqm,completed,UIQM,uiqd,True,1263,0.2334361828619299,0.4184493203118003,0.1450436076053295,36.828162928818,36.828162928818,0.4184493203118002,0.2221865244931316,0.2221865244931316,0.006994361120166,0.136779075967406,558.9927884991048,839.0563501999713
Traditional / underwater,UIQM,uiqm,completed,UIQM,saud2,True,480,-0.0531176596173357,-0.2140322429561192,-0.0383859131081181,92.75884791199285,92.8551030925516,0.2140322429561193,0.2349797389024633,0.235223575665261,-0.0009633473500461,0.5639684835042164,35.43089849839453,839.0563501999713
Traditional / underwater,UIQM,uiqm,completed,UIQM,sota,True,1440,0.0897443324317826,0.0776997439879527,0.0588748549886066,64.37015169624345,66.91108760378783,0.0776997439879527,0.2150034141909836,0.2234904206833792,0.000635409454865,0.4516712878425786,206.4087621988729,839.0563501999713
Traditional / underwater,UIQM,uiqm,completed,UIQM,mean,True,3541,0.162947379812934,0.1379970922109002,0.1097431110889427,68.05972901286628,68.66002563813666,0.2236099893933479,0.2177368264812697,0.2196418703736788,0.0018843625036523,0.3771624758082769,167.6933697991073,839.0563501999713
