category,display_name,method,dataset,higher_better,n,srcc,plcc_raw,krcc,rmse_raw,nrmse_raw,plcc_linear,rmse_linear,nrmse_linear,linear_slope,linear_intercept,elapsed_sec,timing_scope,total_elapsed_wall_sec,total_elapsed_sec
Ours,AquaCLIP-QA,AquaCLIP-QA,uid2021,True,900,0.585764261674573,0.6028681044573063,0.4130863068700982,0.2168664199642345,0.2168664199642345,0.6028681044573063,0.1904393812688926,0.1904393812688926,1.273207250705778,-0.0092615154424036,0.0023649945251236,cached_feature_model_forward_only,,
Ours,AquaCLIP-QA,AquaCLIP-QA,saud2,True,2400,0.2314323745498775,0.2476640579658343,0.1579190974434377,0.2448523162476171,0.2448523162476171,0.2476640579658343,0.2269668864135738,0.2269668864135738,0.4772123263958262,0.2857101443169544,0.0044938048631593,cached_feature_model_forward_only,,
Ours,AquaCLIP-QA,AquaCLIP-QA,sota,True,7200,0.4563532135136132,0.4800187395524465,0.3172242800033244,0.202515740490892,0.202515740490892,0.4800187395524464,0.1841304151044811,0.1841304151044811,0.653033902448172,0.2167176843467783,0.0139841038326267,cached_feature_model_forward_only,,
Ours,AquaCLIP-QA,AquaCLIP-QA,uied,True,1000,0.4949693827358015,0.5090369184035628,0.3471317622319796,0.2122653053749064,0.2122653053749064,0.5090369184035628,0.1881239708371185,0.1881239708371185,0.7015542118384379,0.2106443609639947,0.0094843970873625,cached_feature_model_forward_only,,
Ours,AquaCLIP-QA,AquaCLIP-QA,mean,True,11500,0.4421298081184663,0.4598969550947875,0.30884036163721,0.2191249455194125,0.2191249455194125,0.4598969550947874,0.1974151634060165,0.1974151634060165,0.7762519228470535,0.1759526685463309,0.007581825077068,cached_feature_model_forward_only,,
Ours,AquaCLIP-QA-E2E,AquaCLIP-QA-E2E,uid2021,True,900,0.585764261674573,0.6028680365372502,0.4130863068700982,0.2168664570164099,0.2168664570164099,0.6028680365372502,0.1904393935191302,0.1904393935191302,1.2732074007447596,-0.0092615055268142,58.78090219758447,image_to_score_end_to_end_single_image,948.0975063999648,
Ours,AquaCLIP-QA-E2E,AquaCLIP-QA-E2E,saud2,True,2400,0.2314305597069649,0.2476643127675639,0.1579173876790141,0.2448522897173153,0.2448522897173153,0.2476643127675639,0.2269668711548357,0.2269668711548357,0.4772128917947308,0.285709921198057,224.65315650403488,image_to_score_end_to_end_single_image,948.0975063999648,
Ours,AquaCLIP-QA-E2E,AquaCLIP-QA-E2E,sota,True,7200,0.4563530998304753,0.4800191949510133,0.3172244343490776,0.2025156472400859,0.2025156472400859,0.4800191949510133,0.1841303628021862,0.1841303628021862,0.6530347427484936,0.2167173037548415,547.8533343984743,image_to_score_end_to_end_single_image,948.0975063999648,
Ours,AquaCLIP-QA-E2E,AquaCLIP-QA-E2E,uied,True,1000,0.4949581249926563,0.5090369155956885,0.3471222643607213,0.2122653057297779,0.2122653057297779,0.5090369155956885,0.188123971200048,0.188123971200048,0.7015541965814975,0.2106443661562435,87.20710060140115,image_to_score_end_to_end_single_image,948.0975063999648,
Ours,AquaCLIP-QA-E2E,AquaCLIP-QA-E2E,mean,True,11500,0.4421265115511673,0.459897114962879,0.3088375983147278,0.2191249249258973,0.2191249249258973,0.459897114962879,0.1974151496690501,0.1974151496690501,0.7762523079673704,0.1759525213955819,229.6236234253737,image_to_score_end_to_end_single_image,948.0975063999648,
Underwater UIQA,ATUIQP,ATUIQP,uid2021,True,900,0.4562989607106086,0.4855871748121757,0.3175963119302262,2.6424018461321896,2.6424018461321896,0.4855871748121757,0.2086630007302352,0.2086630007302352,0.2475212841605572,-0.2733082424351939,47.77095959498543,,,634.4408406999428
Underwater UIQA,ATUIQP,ATUIQP,saud2,True,2400,0.1087435980979136,0.0928992950879308,0.0724200629034114,2.740133825916936,2.740133825916936,0.0928992950879308,0.2332521136030623,0.2332521136030623,0.0510324358159457,0.3233819112053215,116.35080109839316,,,634.4408406999428
Underwater UIQA,ATUIQP,ATUIQP,sota,True,7200,-0.0012175217797997,0.0015369380222102,0.0002425929517525,2.850372378429856,2.850372378429856,0.0015369380222085,0.2098928119758005,0.2098928119758005,0.0008095905519861,0.4993237860858146,410.6183755088129,,,634.4408406999428
Underwater UIQA,ATUIQP,ATUIQP,uied,True,1000,0.1066456707954055,0.1498321069235096,0.072237967432877,2.9106621014245846,2.9106621014245846,0.1498321069235096,0.2160923298793447,0.2160923298793447,0.0811361007961117,0.2288276715391469,49.12182029988613,,,634.4408406999428
Underwater UIQA,ATUIQP,ATUIQP,mean,True,11500,0.167617676956032,0.1824638787114565,0.1156242338045668,2.7858925379758914,2.7858925379758914,0.1824638787114562,0.2169750640471107,0.2169750640471107,0.0951248528311502,0.1945562815987723,155.9654891255194,,,634.4408406999428
VLM-IQA,CLIP-IQA,clipiqa,uid2021,True,900,0.2361279720151085,0.2449824010364628,0.1603233262182299,0.2582404157541821,0.2582404157541821,0.2449824010364627,0.2314198605578728,0.2314198605578728,0.3623130943722499,0.3342246388599787,54.31961579574268,,,1029.8934776999522
VLM-IQA,CLIP-IQA,clipiqa,saud2,True,2400,0.1421919983038268,0.1437892937295094,0.093921636559334,0.260142606361622,0.260142606361622,0.1437892937295094,0.2318307836264704,0.2318307836264704,0.2354430713503595,0.3819856246006372,163.6779493994544,,,1029.8934776999522
VLM-IQA,CLIP-IQA,clipiqa,sota,True,7200,0.1263954269709328,0.1328685492884279,0.0842309198782959,0.2684153161452167,0.2684153161452167,0.1328685492884279,0.2080320784062029,0.2080320784062029,0.1627601320016258,0.435030965671861,685.362247106619,,,1029.8934776999522
VLM-IQA,CLIP-IQA,clipiqa,uied,True,1000,0.2513506042610539,0.2445412640318727,0.1667345751814861,0.2721724870003643,0.2721724870003643,0.2445412640318727,0.2119238380671428,0.2119238380671428,0.3327638796194255,0.3800251178025712,108.7397591017652,,,1029.8934776999522
VLM-IQA,CLIP-IQA,clipiqa,mean,True,11500,0.1890165003877305,0.1915453770215682,0.1263026144593365,0.2647427063153463,0.2647427063153463,0.1915453770215682,0.2208016401644222,0.2208016401644222,0.2733200443359151,0.382816586733762,253.0248928508953,,,1029.8934776999522
Deep NR-IQA,DBCNN,dbcnn,uid2021,True,900,0.3797637108096725,0.3802780258982333,0.2562236586978383,0.2227955646868722,0.2227955646868722,0.3802780258982333,0.2207609319627731,0.2207609319627731,0.7917758582764871,0.1176124469219186,34.92503930022936,,,899.4404903000686
Deep NR-IQA,DBCNN,dbcnn,saud2,True,2400,0.0650372487081909,0.0762091138747588,0.0433429420802176,0.25289869655438,0.25289869655438,0.0762091138747588,0.2335839143929614,0.2335839143929614,0.1905786749901296,0.4048642744023567,115.05993049801316,,,899.4404903000686
Deep NR-IQA,DBCNN,dbcnn,sota,True,7200,0.1299266679338001,0.1047082555597198,0.0843896612385015,0.247177039262186,0.247177039262186,0.1047082555597198,0.2087392739512896,0.2087392739512896,0.1597336386754128,0.4321218057594476,620.1739565948953,,,899.4404903000686
Deep NR-IQA,DBCNN,dbcnn,uied,True,1000,0.1975688221799795,0.185847893118176,0.1306065814910059,0.2491693690999341,0.2491693690999341,0.185847893118176,0.2147519199445957,0.2147519199445957,0.3172935920706979,0.3725191662482012,111.94648460485038,,,899.4404903000686
Deep NR-IQA,DBCNN,dbcnn,mean,True,11500,0.1930741124079108,0.186760822112722,0.1286407108768908,0.243010167400843,0.243010167400843,0.186760822112722,0.2194590100629049,0.2194590100629049,0.3648454410031819,0.331779423332981,220.52635274949705,,,899.4404903000686
Deep NR-IQA,HyperIQA,hyperiqa,uid2021,True,900,0.316960807645475,0.3169694177912074,0.2135485545652484,0.237179641946258,0.237179641946258,0.3169694177912073,0.2263853940952433,0.2263853940952433,0.6944129771832214,0.1947530578493185,74.58830699976531,,,1031.0046695999335
Deep NR-IQA,HyperIQA,hyperiqa,saud2,True,2400,0.1225621861908609,0.1258508318691853,0.080599458033291,0.2505003237227843,0.2505003237227843,0.1258508318691854,0.2324025898648254,0.2324025898648254,0.3638541886407716,0.3375256303716374,209.8561303941532,,,1031.0046695999335
Deep NR-IQA,HyperIQA,hyperiqa,sota,True,7200,0.198416270170305,0.1910951449118054,0.1331644276549431,0.2344080932314602,0.2344080932314602,0.1910951449118054,0.2060250494711622,0.2060250494711622,0.3770454451402344,0.3466821932970522,638.4023167118428,,,1031.0046695999335
Deep NR-IQA,HyperIQA,hyperiqa,uied,True,1000,0.2848705901723135,0.2835242381718291,0.1890272531769309,0.245944181408834,0.245944181408834,0.2835242381718292,0.2095909736473856,0.2095909736473856,0.6386362159596974,0.2609255675400818,91.30194799788292,,,1031.0046695999335
Deep NR-IQA,HyperIQA,hyperiqa,mean,True,11500,0.2307024635447386,0.2293599081860068,0.1540849233576034,0.2420080600773341,0.2420080600773341,0.2293599081860068,0.2186010017696541,0.2186010017696541,0.5184872067309813,0.2849716122645225,253.53717552591107,,,1031.0046695999335
VLM-IQA,LIQE,liqe,uid2021,True,900,0.4888858335580597,0.5026723017043052,0.3353545341318322,1.705722968050424,1.705722968050424,0.5026723017043052,0.2063449993217738,0.2063449993217738,0.1471487479918846,0.1954050847433446,45.24034029897298,,,668.5325110000558
VLM-IQA,LIQE,liqe,saud2,True,2400,0.1920813902137146,0.2061106421804865,0.128254110824655,1.6876653840403593,1.6876653840403593,0.2061106421804865,0.2292352112887215,0.2292352112887215,0.066385955199121,0.3522766299927209,127.49512919830148,,,668.5325110000558
VLM-IQA,LIQE,liqe,sota,True,7200,0.2771243610151397,0.2746253726859332,0.186616272814144,1.8215417092009252,1.8215417092009252,0.2746253726859332,0.2018229448211937,0.2018229448211937,0.0591984954946575,0.3798555840219003,413.3784415028055,,,668.5325110000558
VLM-IQA,LIQE,liqe,uied,True,961,0.3479822442509093,0.3543421713206866,0.2350872552484319,1.5495598370117842,1.5495598370117842,0.3543421713206866,0.2042115036333217,0.2042115036333217,0.0888325076055065,0.3431282507760365,63.23157560080287,,,668.5325110000558
VLM-IQA,LIQE,liqe,mean,True,11461,0.3265184572594558,0.3344376219728528,0.2213280432547658,1.6911224745758733,1.6911224745758733,0.3344376219728528,0.2104036647662527,0.2104036647662527,0.0903914265727924,0.3176663873835005,162.3363716502207,,,668.5325110000558
Deep NR-IQA,MUSIQ,musiq,uid2021,True,900,0.4108989604060815,0.388886944761694,0.2815360466912189,51.14859150774614,51.14859150774614,0.3888869447616939,0.219904801798329,0.219904801798329,0.0083186396853346,0.0759553651697135,34.48881490132767,,,703.1655951000284
Deep NR-IQA,MUSIQ,musiq,saud2,True,2400,0.1323395483154799,0.1280702347975575,0.0879912255624607,52.85319388235416,52.85319388235416,0.1280702347975575,0.2323360408486141,0.2323360408486141,0.0030831011879638,0.3242912739073474,109.10661410936144,,,703.1655951000284
Deep NR-IQA,MUSIQ,musiq,sota,True,7200,0.2211108380906733,0.2116540788759671,0.1482479441487279,51.754719206438565,51.754719206438565,0.2116540788759671,0.2051378576421963,0.2051378576421963,0.0035832983149136,0.32011926721013,460.3377993963656,,,703.1655951000284
Deep NR-IQA,MUSIQ,musiq,uied,True,1000,0.3086873856355224,0.284720713402762,0.2085088192713874,49.26086855794587,49.26086855794587,0.2847207134027619,0.2095134816966252,0.2095134816966252,0.0050058538972242,0.2620265055797576,83.63105959654783,,,703.1655951000284
Deep NR-IQA,MUSIQ,musiq,mean,True,11500,0.2682591831119393,0.2533329929594952,0.1815710089184487,51.25434328862119,51.25434328862119,0.2533329929594951,0.2167230454964411,0.2167230454964411,0.0049977232713591,0.2455981029667371,171.89107200090064,,,703.1655951000284
Traditional NR-IQA,NIQE,niqe,uid2021,False,900,0.1656484582346588,0.1376616365231059,0.1110828214498568,4.931003395264188,4.931003395264188,0.1376616365231058,0.2364209152609577,0.2364209152609577,-0.0235774483560659,0.5954071950043167,42.92544579808596,,,670.8284883999731
Traditional NR-IQA,NIQE,niqe,saud2,False,2400,0.0100470031758459,0.0658798078458518,0.0058744886949284,4.374006151819807,4.374006151819807,0.0658798078458518,0.2337562653768837,0.2337562653768837,-0.0178786245605115,0.55388699494597,119.88506529387077,,,670.8284883999731
Traditional NR-IQA,NIQE,niqe,sota,False,7200,0.0972187878728541,0.0838964400946967,0.0647623578184694,5.349525605962711,5.349525605962711,0.0838964400946966,0.2091530774923566,0.2091530774923566,-0.0105866665158784,0.5505358260689285,424.98244109190966,,,670.8284883999731
Traditional NR-IQA,NIQE,niqe,uied,False,1000,0.2542844166295006,0.2206286989387255,0.1711074159163569,4.978381391102579,4.978381391102579,0.2206286989387254,0.2131737768218206,0.2131737768218206,-0.0297193150533938,0.6284987482316763,67.70336719811891,,,670.8284883999731
Traditional NR-IQA,NIQE,niqe,mean,False,11500,0.1317996664782148,0.127016645850595,0.0882067709699029,4.908229136037321,4.908229136037321,0.1270166458505949,0.2231260087380047,0.2231260087380047,-0.0204405136214624,0.5820821910627229,163.87407984549634,,,670.8284883999731
Deep NR-IQA,PaQ-2-PiQ,paq2piq,uid2021,True,900,0.3430249808137618,0.3154151245095194,0.2391724035827662,71.84674953516765,71.84674953516765,0.3154151245095194,0.226509045255267,0.226509045255267,0.0165504786549126,-0.6995024205871806,19.072589802322867,,,401.3582001000177
Deep NR-IQA,PaQ-2-PiQ,paq2piq,saud2,True,2400,0.0886507593232701,0.1060905817815411,0.059984568045201,72.63528212686388,72.63528212686388,0.1060905817815411,0.2329431083591166,0.2329431083591166,0.0059822087684566,0.0492497036299834,61.123088296735546,,,401.3582001000177
Deep NR-IQA,PaQ-2-PiQ,paq2piq,sota,True,7200,0.0676345198758906,0.0531078437413891,0.0463581453821451,70.56590306215782,70.56590306215782,0.0531078437413892,0.2095968551610131,0.2095968551610131,0.001673531754553,0.3836005016556762,260.9196233057879,,,401.3582001000177
Deep NR-IQA,PaQ-2-PiQ,paq2piq,uied,True,1000,0.1673832232422205,0.0958786072506189,0.1152799607585193,71.42915643919791,71.42915643919791,0.0958786072506189,0.21755265300067,0.21755265300067,0.0034870086554219,0.2532853370705341,45.38611700152974,,,401.3582001000177
Deep NR-IQA,PaQ-2-PiQ,paq2piq,mean,True,11500,0.1666733708137858,0.1426230393207671,0.1151987694421579,71.61927279084682,71.61927279084682,0.1426230393207671,0.2216504154440167,0.2216504154440167,0.0069233069583361,-0.0033417195577467,96.625354601594,,,401.3582001000177
Deep NR-IQA,TOPIQ-NR,topiq_nr,uid2021,True,900,0.3352722219522176,0.3327923643233273,0.2253642981793459,0.2342511276379213,0.2342511276379213,0.3327923643233275,0.2250879448343706,0.2250879448343706,0.7232404838975254,0.1785821688961788,33.37159240525212,,,832.1691315998323
Deep NR-IQA,TOPIQ-NR,topiq_nr,saud2,True,2400,0.1267019685024203,0.1372753282655667,0.0840335393120154,0.2530581584309789,0.2530581584309789,0.1372753282655666,0.2320473860072562,0.2320473860072562,0.3866914994161288,0.3317410892552179,107.78859199909482,,,832.1691315998323
Deep NR-IQA,TOPIQ-NR,topiq_nr,sota,True,7200,0.1876704538799311,0.1822098050529157,0.1265201875570531,0.2442847718482788,0.2442847718482788,0.1822098050529158,0.2063793816765613,0.2063793816765613,0.2904314311818823,0.3827521447325969,567.8388388918245,,,832.1691315998323
Deep NR-IQA,TOPIQ-NR,topiq_nr,uied,True,1000,0.3060020336370332,0.3015871227119464,0.2059459822106572,0.2461154212816814,0.2461154212816814,0.3015871227119464,0.2083831157327995,0.2083831157327995,0.5625787993874338,0.2879225109810863,103.73959500412454,,,832.1691315998323
Deep NR-IQA,TOPIQ-NR,topiq_nr,mean,True,11500,0.2389116694929006,0.238466155088439,0.1604660018147679,0.2444273697997151,0.2444273697997151,0.2384661550884391,0.2179744570627469,0.2179744570627469,0.4907355534707426,0.29524947846627,203.184654575074,,,832.1691315998323
Deep NR-IQA,TReS,tres,uid2021,True,900,0.2897514889833812,0.263946034163308,0.1942874093265354,63.26124508642884,63.26124508642884,0.2639460341633081,0.2302287620368439,0.2302287620368439,0.0038630779450102,0.2573831076730856,485.6636556976009,,,1462.5122102999594
Deep NR-IQA,TReS,tres,saud2,True,1800,0.1282277093020747,0.1343509404866758,0.0855135644317568,58.33091280468589,58.33091280468589,0.1343509404866759,0.2323278465298167,0.2323278465298167,0.0024632773539179,0.3448849450865708,972.6684469941538,,,1462.5122102999594
Deep NR-IQA,TReS,tres,mean,True,2700,0.208989599142728,0.1991484873249919,0.1399004868791461,60.79607894555737,60.79607894555737,0.199148487324992,0.2312783042833303,0.2312783042833303,0.0031631776494641,0.3011340263798282,729.1660513458773,,,1462.5122102999594
Underwater metric,UCIQE,UCIQE,uid2021,True,900,0.5034867163822312,0.5432930106733583,0.3560691641498526,57.60826506085951,57.60826506085951,0.5432930106733582,0.2003934432753211,0.2003934432753211,0.0095200776156703,-0.0424125363470567,24.107645595911848,,,590.9186961001251
Underwater metric,UCIQE,UCIQE,saud2,True,2400,-0.0514643541335991,-0.0012910188631463,-0.0246097577028134,60.56787283976513,60.56787283976513,0.0012910188631462,0.2342649958793196,0.2342649958793196,-2.1508393104576304e-05,0.4872487716279435,82.553880003048,,,590.9186961001251
Underwater metric,UCIQE,UCIQE,sota,True,7200,0.01606312290555,-0.0076920265773955,0.020185452983322,60.32795438483004,60.32795438483004,0.0076920265773955,0.2098868503865575,0.2098868503865575,-0.0001459378574597,0.5107368890865294,402.7437967993316,,,590.9186961001251
Underwater metric,UCIQE,UCIQE,uied,True,1000,0.1993544548387865,0.211397271040137,0.1352036704686906,65.68628261481207,65.68628261481207,0.211397271040137,0.2136201520406058,0.2136201520406058,0.0038909163625371,0.2498775515733122,72.79905989905816,,,590.9186961001251
Underwater metric,UCIQE,UCIQE,mean,True,11500,0.1668599849982421,0.1864268090682383,0.1217121324747629,61.04759372506669,61.04759372506669,0.1909183317885092,0.214541360395451,0.214541360395451,0.0033108869319107,0.3013626689851821,145.55109557433738,,,590.9186961001251
Underwater metric,UIQM,UIQM,uid2021,True,900,0.3505039203959481,0.2183613383601076,0.2365818388740686,102.20966603823864,102.20966603823864,0.2183613383601077,0.2329332868051494,0.2329332868051494,0.0008638027406886,0.4237599859845466,55.28018129826519,,,1663.5031674001366
Underwater metric,UIQM,UIQM,saud2,True,2400,-0.0690827551012951,-0.2093837680726724,-0.0481924874554135,92.48378256617728,92.48378256617728,0.2093837680726724,0.2290723618047323,0.2290723618047323,-0.0009313065150675,0.5571906237118542,177.27533530048083,,,1663.5031674001366
Underwater metric,UIQM,UIQM,sota,True,7200,0.1163265997604219,0.0769669001532491,0.0808771345698621,64.9946833350554,64.9946833350554,0.0769669001532491,0.2092704432895381,0.2092704432895381,0.0005872488870092,0.4671292126031745,1104.0601991999429,,,1663.5031674001366
Underwater metric,UIQM,UIQM,uied,True,1000,-0.0708978755669379,-0.0962423711719075,-0.0469059248607226,68.64449912855206,68.64449912855206,0.0962423711719075,0.2175449803175091,0.2175449803175091,-0.0006648731467817,0.5440667968134619,317.48532279604115,,,1663.5031674001366
Underwater metric,UIQM,UIQM,mean,True,11500,0.0817124723720342,-0.0025744751828058,0.0555901402819486,82.08315776700584,82.08315776700584,0.1502385944394842,0.2222052680542322,0.2222052680542322,-3.628200853788587e-05,0.4980366547782593,413.5252596486825,,,1663.5031674001366
